username,Link to profile,x_id,name
0xPolox,X.com/0xPolox,1587474168060190000,Polo 🎒
11021Siamak,X.com/11021Siamak,704537621893091000,سیامک شهداد 🎒
1366Hani,X.com/1366Hani,1593329851402010000,🎒t.m
15Reza50,X.com/15Reza50,1355490775774220000,Reza🎒🟩☫🟥
1986javaheri,X.com/1986javaheri,1748667179019510000,المقاومة🎒
1alipointe,X.com/1alipointe,1554523440794820000,destek🎒
1theone123,X.com/1theone123,2007085185482000000,Iranwillprevail🎒
21_century_man2,X.com/21_century_man2,3103460621,hello my enemies 👋ایران❤️🎒
27Par27,X.com/27Par27,1462715408717430000,Paris ☫🎒
28Ostad,X.com/28Ostad,1442842010294050000,🎒 ᴀᴍɪʀ'ʜ²⁸🌙
2m4life,X.com/2m4life,1301682747380050000,Majid ☫ 🎒
3rdwayNewgen,X.com/3rdwayNewgen,1976228129472740000,🎒افشاگر اینه (ابراهیمی)
7Hadilou,X.com/7Hadilou,2472389124,🎒معمار
8qo2M8In4A3096,X.com/8qo2M8In4A3096,1675417280774300000,大熊猫🍉🎒
93Judge,X.com/93Judge,1124585403393160000,Mojtaba 🎒
AANassir1,X.com/AANassir1,1433432443231490000,A. A. Nassir 🎒
AMokhtarpour,X.com/AMokhtarpour,1690612032,🎒☫Arman Mokhtar /آرمان مختار
AScbzgtp,X.com/AScbzgtp,1540606795705630000,جان فدای ایران 🎒
ATENA_1630,X.com/ATENA_1630,1852918714624250000,مینا🎒
AYPAKMUSLIM,X.com/AYPAKMUSLIM,2759890094,AY 🎒🇵🇸۞🔻🥄🍉
A_CH64,X.com/A_CH64,926900694669496000,Alireza Ch 🎒
A_t_i__e,X.com/A_t_i__e,1813135907102260000,عطیــه 🎒🏴
Abu_Reyhan96,X.com/Abu_Reyhan96,1263924576226030000,سید اولاد پیغمبر🎒
AcientMind,X.com/AcientMind,1232573398695510000,ZoreA🎒
Adolfin1234567,X.com/Adolfin1234567,558997062,🎒 آدلفین 🐬
Advanced_Iran,X.com/Advanced_Iran,1645861221495720000,The I r a n i a n 🎒
Ah_Haghi,X.com/Ah_Haghi,1213043153361460000,Amirhossein Haghi 🎒
Ajameirani118,X.com/Ajameirani118,1898917560801700000,ناشناس🎒
AleRaza15,X.com/AleRaza15,174333787,Ale Raza 🎒
AlexMalejewicz,X.com/AlexMalejewicz,478143027,The Alex Malejewicz Project 🇷🇺🎒
AliZaarei,X.com/AliZaarei,598241376,علی زارعی | Ali Zaarei🎒
Ali_MD119,X.com/Ali_MD119,1519352765474030000,Ali.MD🎒
Ali_Moradi1999,X.com/Ali_Moradi1999,1274663097706450000,Ali Moradi🎒
Ali_mari205,X.com/Ali_mari205,1872641894615780000,مهندس عمار🎒
Alighamkhar2,X.com/Alighamkhar2,1040007875119250000,علی
Alimt1984,X.com/Alimt1984,1810474746418780000,Ali 🎒
AlkatrasTulipa,X.com/AlkatrasTulipa,2050946619198340000,tulipa🎒
Alnur_ir1,X.com/Alnur_ir1,1704615241533750000,🎒
Amin_Hedayat57,X.com/Amin_Hedayat57,835061554076860000,🎒 امين هدايت
Amir0sharifi,X.com/Amir0sharifi,875722335449489000,Amir Sh🎒
Amir46170972,X.com/Amir46170972,1156850197911230000,فاطیما 🎒
AmirChizari,X.com/AmirChizari,802401515608670000,امير چيذري 🎒
AmirMohajer,X.com/AmirMohajer,405011334,امير مهاجر 🎒
AmirNaderifard,X.com/AmirNaderifard,1392966833591000000,🎒Amir Naderifard
AmirThePunk,X.com/AmirThePunk,1826400019362000000,Amir🎒
Amiralit3rh,X.com/Amiralit3rh,2060359378570510000,ببر🎒
AmirhoseinInrs,X.com/AmirhoseinInrs,1616561872915910000,🟥
AmirrezaMoafian,X.com/AmirrezaMoafian,1339437892742080000,☫AmirReza Moafian🎒
Ammarirani1,X.com/Ammarirani1,1405139724168280000,🎒🇮🇷 عمار ایرانی🇮🇷 قطعاً سننتصر
Annewithane27,X.com/Annewithane27,1354804177059290000,Anne 🎒
ArashDaniali,X.com/ArashDaniali,1141946573070500000,Arash Daniali 🎒
Arashrahi91384,X.com/Arashrahi91384,2006839259068770000,Iran🎒
AriaSaami,X.com/AriaSaami,1846661217839930000,🎒 سانتریفیوژولیست
ArmanNaderi16,X.com/ArmanNaderi16,1614196765606940000,🎒Arman Naderi
Arsalan_Att,X.com/Arsalan_Att,2013090270481420000,Arsalan 🎒
Ashkan274_,X.com/Ashkan274_,538178908,Ashkan🎒
Ashkan_Humanity,X.com/Ashkan_Humanity,2036813841783540000,🎒🥀 Ashkan 🚢🥀
AssadpourZaa,X.com/AssadpourZaa,2007163058951730000,🎒Zahra 🎒
AvengerOfMartyd,X.com/AvengerOfMartyd,2028580301497060000,Avenger Of Martyd 🎒
Avicenna2r,X.com/Avicenna2r,2018301908469920000,Avicenna 🎒ابن سینا
Avin__1368,X.com/Avin__1368,1646759400810360000,فــآطِمِـــه🎒
Bahman_Apl,X.com/Bahman_Apl,1547892765735800000,Bahi 🎒
BanafshaW36239,X.com/BanafshaW36239,2031476566245700000,Banafsha Wasiqi 🎒
BhrahmantyaS,X.com/BhrahmantyaS,1758216466355370000,Bhrahmantya 🇲🇨 🇵🇸 🎒
Bitakhanooom,X.com/Bitakhanooom,1144116522182430000,Bitakhanom🎒
BitinoAi,X.com/BitinoAi,2040460050389480000,Alex Luther 🎒
Candyman_2025,X.com/Candyman_2025,1360344496769290000,
Carusoytgs,X.com/Carusoytgs,1961768516631040000,🎒سارا
Caspian713,X.com/Caspian713,1444372458,☫⚛️☢️Caspian🚩🎒☫
ChakerKat,X.com/ChakerKat,1180942763933740000,𝐊𝐚𝐭 🚩🍉🎒🦩
CheGueverasoul,X.com/CheGueverasoul,1304482899438250000,🎒Che Guevera🎒
Che_guevara_in_,X.com/Che_guevara_in_,1115468464465040000,🎒 Dr. Che Guevara 🇵🇸🇮🇶🇱🇧🇸🇾🇮🇷🇾🇪
CloudWatchcs,X.com/CloudWatchcs,1945442054483690000,Mary Lou 🎒
CowOil_,X.com/CowOil_,1900771788583260000,🚩CowOil 🎒
Dad4life1,X.com/Dad4life1,1487383620,🎒Mike Cox
DinaBassiri,X.com/DinaBassiri,3331533071,Oeil du Maître🎒
DonMilano11,X.com/DonMilano11,712584712389333000,Milad 🎒
Doovare_Loor,X.com/Doovare_Loor,1318817909708370000,دُووَرِ لُر🎒
Dorche78,X.com/Dorche78,1808503420107560000,سید مرتضیٰ 🎒
Dorin1673115,X.com/Dorin1673115,1989833192866810000,Dorin🎒🍉
DorudiNL,X.com/DorudiNL,4364496203,Ms. Dorudi زنده باد ایران 🍉🎒
DownwithIzrael,X.com/DownwithIzrael,1572314939741570000,🇵🇸 🎒 Ahmad ☫
Drsmohamad1,X.com/Drsmohamad1,1390349019336020000,بچه سید🎒
DwrFamyl,X.com/DwrFamyl,1478366187230790000,z.shabani 🎒تیچِرتون
ERamFarm,X.com/ERamFarm,716909714643284000,🎒محمد ☫ Mohammad
EaVaN168,X.com/EaVaN168,1323721928742440000,EaVaN🎒
Elii9964,X.com/Elii9964,1475124163329380000,💚🎒ایـــــــرانِ من🎒💚
ElmiAnvari,X.com/ElmiAnvari,2155581625,Mohammad El 🎒
Ermy40,X.com/Ermy40,1714606804049490000,Ermy 🎒
EshaghiFarideh,X.com/EshaghiFarideh,1473900014065830000,خانوم ف🎒
EzatollahAkbari,X.com/EzatollahAkbari,1227134822956630000,
FTparmis,X.com/FTparmis,3252052297,پارمیس❤️ ☫ 💚 🎒
F_Davuodi67,X.com/F_Davuodi67,2059891529150290000,داودی 🎒
FaranggisB,X.com/FaranggisB,1581366985706930000,faranggis bagheri 🎒
FarhadIman92372,X.com/FarhadIman92372,2041558211140930000,Ferhad 🎒
Fariba_lady,X.com/Fariba_lady,1538557858534550000,بانو فریبا🎒
Fatemeeng,X.com/Fatemeeng,1212952607800450000,فآطِمَهُ نَبّئ 🎒
FatemehSepideh,X.com/FatemehSepideh,1223968959868720000,🎒 Stop The Genocide of Palestinians 🇵🇸
FereshtehSaemi,X.com/FereshtehSaemi,1220413867559350000,فرشته صائمی🎒
FlyingPhant,X.com/FlyingPhant,1294022381615350000,🎒فیل پرنده
GAbbasFazli,X.com/GAbbasFazli,248498257,JMirzai 🇦🇫 🎒
GhadiriAb,X.com/GhadiriAb,1108411099022530000,🎒 عباس قدیری ☫
Ghorban0pour,X.com/Ghorban0pour,1311504574780410000,داوود🎒قربان
Gigili953666859,X.com/Gigili953666859,1643683730643460000,🟩☫🟥تبعیدی🎒
HRA80,X.com/HRA80,799013603475124000,حمیدرضا علیمی🎒
HSamawat,X.com/HSamawat,1619256585573880000,حسام سماوات🎒
HadiTeymuo98988,X.com/HadiTeymuo98988,1786175094575810000,🎒hadi k h
HafezTalesh,X.com/HafezTalesh,1758610916243830000,🎒Hafez Talesh
HajAhmad128,X.com/HajAhmad128,1214820417464100000,حاج احـمـد🟥☫🟩 🎒
Hajizade_org,X.com/Hajizade_org,1239042874584580000,🎒s.r.hajizadeh
Hamed_Zizou,X.com/Hamed_Zizou,618154339,Hamed Zei. 🎒
Hasankhani1980,X.com/Hasankhani1980,1496452998695950000,IRAN🎒
HassanMoradi70,X.com/HassanMoradi70,1842285586536920000,حسن مرادی🎒
Heinstein97,X.com/Heinstein97,858092485284958000,حالبرت حنشتین🎒 ☫🌲
Herr_Quality,X.com/Herr_Quality,918192969605374000,Herr Qualität 🎒
HferdosianPc2,X.com/HferdosianPc2,1924500058063440000,hosein ferdowsian🎒
Hieremias25,X.com/Hieremias25,1824932597224340000,اِرمـیــا 🎒
Hojatkatebi,X.com/Hojatkatebi,1522567856260620000,🎒حجت کاتبی🇮🇷(شهروند درجه 3)
HoseinAqajany,X.com/HoseinAqajany,1228576949255250000,hosein🎒
Hossein_gh00,X.com/Hossein_gh00,991631737271792000,Hossein_gh 🎒
HypersonicIRI,X.com/HypersonicIRI,1918915472294360000,🎒Frost
Ib494,X.com/Ib494,132335496,Ibrahim 🎒
Imhsnbzn,X.com/Imhsnbzn,776494615251808000,🎒حُسنا | 🟥 ☫ 🟩
Inan_ir,X.com/Inan_ir,1862224962343350000,دبیرالمُلک🎒
Inneezbogzarad,X.com/Inneezbogzarad,1680273302315730000,Maliheh 🎒
Inuske_Yeah,X.com/Inuske_Yeah,1695041112430210000,Inuske🎒
IotollaKomehni,X.com/IotollaKomehni,36379529,بى خيال 🎒
IranInReality,X.com/IranInReality,4649470407,Iran in reality🎒
IranMilitaryEN,X.com/IranMilitaryEN,1936640442335970000,Iran Military News ☫ 🎒
Iranvatanam_,X.com/Iranvatanam_,1574605072327220000,🎒FortuneTeller
IsabelMonjeH,X.com/IsabelMonjeH,1802790409103400000,🎒Isabel Monje
IsfahanMusa,X.com/IsfahanMusa,1333542311049840000,Isfahan Musa 🎒
IzkMohbi,X.com/IzkMohbi,1315509299272190000,اسحٰاق محبی🎒
JaberSahragard,X.com/JaberSahragard,1382755282732880000,جابر صحراگرد 🎒
Jangjouye,X.com/Jangjouye,1173933267562550000,Jangjou 🎒
Javan_4,X.com/Javan_4,1285310161142390000,مرسده جوان🎒🏴
JhangyrVs,X.com/JhangyrVs,1512326229340400000,جهانگيرو 🎒
JoannaTeglund,X.com/JoannaTeglund,439321373,🎒Joanna Teglund✊😷🍉Human life is sacred
Joeyexh,X.com/Joeyexh,2042323322654850000,Joe 🎒🍉
Kaal_81,X.com/Kaal_81,780437528109285000,Ka.al ☫🚀🎒
KamandMs6562,X.com/KamandMs6562,1717567158170120000,🎒ms_kazhalکژال
Karl46958336788,X.com/Karl46958336788,1933972591896570000,Karl🎒
KermanIran88,X.com/KermanIran88,1713645242782500000,Muffin 🎒
KimiaMozafarian,X.com/KimiaMozafarian,1182559483958090000,🎒 کیمیا مظفریان🟥 ☫ 🟩
LavasaniMalihe,X.com/LavasaniMalihe,930498247470219000,🥀لواسوني🎒
Laylapallang,X.com/Laylapallang,2045492034811620000,Layla🎒
Liaghat290420,X.com/Liaghat290420,2033862839174330000,Liaghat🎒
Logos_Freedom,X.com/Logos_Freedom,870952506322547000,🎒Mohsenian
LtyfyTwby,X.com/LtyfyTwby,1630138820367620000,لطیفی🎒
M1985S209,X.com/M1985S209,1146875087708200000,Motto209🎒 I.R.IRAN
MBazmar1359,X.com/MBazmar1359,1279034688099760000,بزم آراء💪🟩 ☫ 🟥 🎒
MMobinHekmat,X.com/MMobinHekmat,1556930435552370000,محمدمبین حکمت 🎒
MSMirmoosa,X.com/MSMirmoosa,1575971320453600000,🎒Mohammad Sajjad Mirmoosa
M_Amirpour,X.com/M_Amirpour,1228265947007520000,Mahdi Amirpour 🎒
M_ghanbariha,X.com/M_ghanbariha,1048999206244020000,🎒مهدی قنبری
MahGhazaal,X.com/MahGhazaal,892712098991489000,Mah 🍉 🎒
MahdiHzq,X.com/MahdiHzq,1754244137493100000,🎒 Mahdi
Mahdi_14_313,X.com/Mahdi_14_313,1714477137434920000,یار ۳۱۳ 🎒
Mansorkabir,X.com/Mansorkabir,2047950400880350000,🎒مَنصِ
MansourNmi,X.com/MansourNmi,1233350985289850000,کبلایی منصور بنا 🎒
MargBarSraehell,X.com/MargBarSraehell,2036771682501960000,🎒don't forget Minab School Kids
MariaQurashi,X.com/MariaQurashi,293388328,Maria Qureshi🎒
MaryamMehr68,X.com/MaryamMehr68,1703145447362060000,🎒گل مریم
Maxellm11,X.com/Maxellm11,809000050823152000,🎒ممد رضا
Mayrin4321,X.com/Mayrin4321,1719171584118890000,Mayrina🎒
Mcdonnell187580,X.com/Mcdonnell187580,1893017857589410000,☫TomcatIRIAF14☫|تامکت🎒
MehdiMalekyan,X.com/MehdiMalekyan,1720784550190600000,sniper🎒
Mehran_888,X.com/Mehran_888,3008554007,RiseAsOne 🍉✊🌏🎒
Mesali666802ak,X.com/Mesali666802ak,1396149163776170000,ریچارد فاینمن از ویسکانسین 🎒
Mh8_1384,X.com/Mh8_1384,1443489346481440000,محمدجواد|Mh8 🎒
MhKh313,X.com/MhKh313,1589332353339610000,mh.kh313🎒
MhmdHolmes,X.com/MhmdHolmes,1912929552663290000,Mhmd Holmes 🎒
Mmn600195640424,X.com/Mmn600195640424,1740054107904150000,Mmn 🇵🇸 🎒
Mn738299Nn,X.com/Mn738299Nn,1581605716091150000,مسیح معاون خاتم الانبیا🎒🎒
MobinResistance,X.com/MobinResistance,1935736804285800000,peace 🕊️🎒
Mohadi0o,X.com/Mohadi0o,1747858166174410000,Mohadi🎒
MohammadAlinez5,X.com/MohammadAlinez5,1172688937233640000,🎒علی نژاد 🟩⬜🟥
Mohammadjfakhri,X.com/Mohammadjfakhri,1924935412059140000,🎒 محمد جواد فخری
Mohdre61464,X.com/Mohdre61464,1841286439528730000,Mo Hoss 🎒
MohebAli632,X.com/MohebAli632,1854800353906380000,محب علی🎒🟩☫🟥
Moonface6969,X.com/Moonface6969,1861217095393980000,Zara Frenly 🎒 🕊️ 🍂🍃🍁
Morora_papa,X.com/Morora_papa,1948344706896740000,🎒PAPA | پاپا 🟥 ☫ 🟩 🇵🇸
MortezaAli1360,X.com/MortezaAli1360,1816429595085900000,مرتضی علی 🎒
Mostafa_abikar,X.com/Mostafa_abikar,1598312809984850000,mostafa_313🎒
Mostafamn99,X.com/Mostafamn99,1509311219437650000,Mostafa🎒
Mr13Au,X.com/Mr13Au,1583217453026500000,🎒 🟥 ☫ 🟩 mr 13
MrFarhad7596,X.com/MrFarhad7596,2009751092167650000,Farhad 🎒
Mr_Mohajerr,X.com/Mr_Mohajerr,1882912661203290000,حسین مهاجر🎒
Mrashidi126,X.com/Mrashidi126,925277538343105000,🎒 Mehdi
MryPakty95055,X.com/MryPakty95055,1655625625992930000,ارکیده.....🎒میناب۱۶۸
Msh110A,X.com/Msh110A,806937386215162000,Me🎒
MuAyoo22737,X.com/MuAyoo22737,2036165948760280000,AYOO Mu🎒
MuslimArch,X.com/MuslimArch,2029441104773590000,Muslim Architect 🎒
NGhabraei,X.com/NGhabraei,1934957194849450000,Nazdaneh Ghabraei ☫ 🎒
NS5003618949538,X.com/NS5003618949538,1720188112599430000,🎒 TASNIM
NTavabi,X.com/NTavabi,1314008278620410000,🎒n.tavabi
NaAzRoomam,X.com/NaAzRoomam,1719976341892690000,🇮🇷 Shahin شاهین زبرجد 🎒 🇵🇸
Nader1dande,X.com/Nader1dande,1716585480094110000,جوجه تیغی ساما 🎒
Nayere_n_d_81,X.com/Nayere_n_d_81,1247043476912560000,نیره نوری🎒
NazResista,X.com/NazResista,2049453194741510000,🇵🇸Naz🎒🟩☫🟥
Nazmadiny_4988,X.com/Nazmadiny_4988,1340502316382900000,خانم نظم الدینی🎒
Nazresistance,X.com/Nazresistance,2341579278,Nazs🎒
NewsandViews11,X.com/NewsandViews11,1230848452348670000,🎒شهــرزاد (حساب جدید)
NiloLilooooo,X.com/NiloLilooooo,2053698819930660000,NiluLilo🎒🍉
Nima12121,X.com/Nima12121,1093433360561640000,🎒Nima🛌🍎🛵⏰
Nothedayati,X.com/Nothedayati,1783452105203700000,Ehsan🎒
Omiid33,X.com/Omiid33,1702370795874350000,OMID | اُمید 🎒
Pakniyat__,X.com/Pakniyat__,1440740441003950000,خانم پاک
PandayeAsbSavar,X.com/PandayeAsbSavar,1978535889694300000,𝟶𝚡𝙼𝚊𝚛𝚒🎒
Patriot1982378,X.com/Patriot1982378,2035784897890280000,Patriot 🎒
Perspolis56101,X.com/Perspolis56101,1947380076225690000,🎒MoRaKho313🎒
Pinkman3119711,X.com/Pinkman3119711,1882714908229320000,farhad 🎒
PrandtlSama,X.com/PrandtlSama,1288717879551170000,Ludwig 🎒
RTEMYSS,X.com/RTEMYSS,1864315589268790000,آرتمیس 🎒
RadAtila24,X.com/RadAtila24,1765252174781750000,Atila Rad🎒
Rah_1400,X.com/Rah_1400,1601125864229550000,Rah313🇮🇷🎒
RahmanNazr,X.com/RahmanNazr,1805952049047020000,Rahman Nazari🎒
RasoolFala28934,X.com/RasoolFala28934,1932408792634850000,🎒rasool falahi
RezaIrani2,X.com/RezaIrani2,47767152,Reza Namazi 🎒
Rezado7,X.com/Rezado7,835491454189507000,حاج اصغر 🎒
Rezazaf,X.com/Rezazaf,2032942510016760000,Reza 🎒
Rhmn_Tavana,X.com/Rhmn_Tavana,731156113689706000,رحمان توانا 🎒
Roshi_76,X.com/Roshi_76,1680946710128780000,Roshan🌞🎒
SDeezer89,X.com/SDeezer89,2017610791428440000,💚🤍♥️ سعید دیزل🎒
SRoudehi80303,X.com/SRoudehi80303,2037079870644050000,سِتایِشْـ رودِهْیـ🎒
SSgry20516,X.com/SSgry20516,2053532758996100000,ایلیای 🌓/🎒
S_ahmadpour75,X.com/S_ahmadpour75,1847794062654340000,سجّاد احمدپور (حساب جدید)🎒
S_almaneh,X.com/S_almaneh,1156405437165720000,salmaneh🎒
Saeed9935najafi,X.com/Saeed9935najafi,1629878540501130000,🎒Saeed Najafi
SaeedDoroudiani,X.com/SaeedDoroudiani,899711573010383000,"Saeed Doroudiani, PhD, PEng, سعید درودیانی 🎒"
Saghebi_ir,X.com/Saghebi_ir,1722224340924780000,محمد ثاقبی 🎒
Sagol45697173,X.com/Sagol45697173,1057281316759180000,S_ G.O.L🎒
Salam_3_,X.com/Salam_3_,1214199278375070000,🇵🇸IRI🎒Salam_3_🇮🇶🇦🇫🇱🇧🇾🇪🇸🇾
Sam_ZohAt,X.com/Sam_ZohAt,156667836,Sam ZohAt🏴🚩🏴 🎒
Sarbaze_khak,X.com/Sarbaze_khak,1993663772180020000,بچه شهریار☫ 🎒
SayyedHossein,X.com/SayyedHossein,754008478625239000,🎒🍉🔻حسین🔻☫
Secret_guy8,X.com/Secret_guy8,1312443032059420000,Drone 🇵🇸 🎒
Seddighehghh1,X.com/Seddighehghh1,1315707652450800000,Seddighehghh🎒
Seniorita2810,X.com/Seniorita2810,1444780782980110000,Seniorita 🎒
SeydBarghi,X.com/SeydBarghi,1594459589524720000,Seyd_Barghi 🎒
SeyyedBi,X.com/SeyyedBi,816692540149596000,🎒گلدن رتریور
ShahabadiX,X.com/ShahabadiX,1447123261612070000,Ali Shahabadi 🎒
Shahid_Eslami,X.com/Shahid_Eslami,1905588583777410000,میمِ اَلِف 🎒
Shanaei4,X.com/Shanaei4,996838467219882000,Shabani 🎒
SimaKhodadadi,X.com/SimaKhodadadi,1592826760604910000,🎒sima
SirVinQ,X.com/SirVinQ,46788130,SirV🎒
Smkomeil,X.com/Smkomeil,1262956675507650000,سید محمدکمیل🎒
Sonsofcyrus,X.com/Sonsofcyrus,985070503730626000,Cyrus 🇨🇦🎒
SoroushTams,X.com/SoroushTams,1933436443952570000,Proud Persian 🎒
Sunrise020120,X.com/Sunrise020120,2274434341,s.s 🎒
TTVStraylegend,X.com/TTVStraylegend,1463863373121020000,Straylegend🎒
The_Aria__,X.com/The_Aria__,1633890168171050000,Aria🎒🇮🇷
Toloyetalaii,X.com/Toloyetalaii,2021116241767800000,🎒Talisman
Tres__fatigue,X.com/Tres__fatigue,1688218575830490000,🎒Etudiant
TumourousGuy,X.com/TumourousGuy,156289929,🎒 S 🎒 God Bless ایران
Tweittweit,X.com/Tweittweit,2576400085,کارگردان توئیتر 🎒
UbuntuForever,X.com/UbuntuForever,402031727,DKC 🇵🇸 🌺 🇱🇧🎒
UserXZ5738,X.com/UserXZ5738,1168423188667210000,lounee🎒
V56096x,X.com/V56096x,2016927595632480000,🎒🛳FarsiVid
Vahidahxh,X.com/Vahidahxh,4758754587,Vahid 🎒
ValipourMasood,X.com/ValipourMasood,859330015401476000,Masood Valipour 🎒
Vaucluse14,X.com/Vaucluse14,1321062241714770000,Sam 🎒
Visme83,X.com/Visme83,1202237264908170000,Rayan🎒
Vital_aH,X.com/Vital_aH,1434896743129390000,عـیـن حـا🎒
VlNA_NASCO___xx,X.com/VlNA_NASCO___xx,1851934656,Mezzo_di_contrasto 🎒
VoH313_313_313,X.com/VoH313_313_313,2035676722696520000,VoiceofHumanity 🎒🛳️
VoicesUnheardIR,X.com/VoicesUnheardIR,2012510704629090000,Geertje/Zahra 🎒
VsFatemeh,X.com/VsFatemeh,1550787134113680000,فاطمه VS 🎒
WSyb22,X.com/WSyb22,1575483415599920000,WS 🇵🇸🇵🇸 🎒 🇮🇷🇱🇧🇾🇪
Waimea_1946,X.com/Waimea_1946,1819487882899610000,Ling-ling零零🎒
Warrior6769,X.com/Warrior6769,59513092,عمار🎒
Web3_ProjectsN,X.com/Web3_ProjectsN,1722125374295860000,🎒M Shaker
Yaremehrabann,X.com/Yaremehrabann,1241996793677840000,
Yasthetwit,X.com/Yasthetwit,27746796,🎒Yasmin
YutaabBarzan,X.com/YutaabBarzan,2035800508989060000,Yutaab Barzan 🎒🦩
Z123578185088,X.com/Z123578185088,1641151223582560000,Z123578 🎒
ZNrmashyry84873,X.com/ZNrmashyry84873,1876590837888430000,زهرا نرماشیری 🎒
Zahra__sn,X.com/Zahra__sn,1908076905321960000,زهرا صالحی
Zahraardenn,X.com/Zahraardenn,1802234250428620000,زهرام 🎒
Zakieabdolahi44,X.com/Zakieabdolahi44,1445608866843030000,🎒ماجده بانوم 📚💔🎒💔
ZarMahdi,X.com/ZarMahdi,1688040896,Mahdi Zarafshan🎒
Zarin__313__,X.com/Zarin__313__,2047015911421290000,Zarin🎒
Zeeshan__Pitafi,X.com/Zeeshan__Pitafi,1491820075506150000,☫🇵🇰 🎒 ذیشان
Zhre_1221,X.com/Zhre_1221,1355205404440070000,ZHRE.E ☫ 🎒
Ziton_99,X.com/Ziton_99,1805967575190580000,زیــتون🎒
_AminAhmadi,X.com/_AminAhmadi,1712477271104400000,امین احمدی☫🇵🇸🎒
_Mahdiyavar,X.com/_Mahdiyavar,1746286683870350000,مَهــدیـــ یــاوَر ☫ 🎒
__MrBear_,X.com/__MrBear_,4466601136,MrBear🐻آقاخرسه🎒
ab_mohammady2,X.com/ab_mohammady2,2051074381971960000,abufazel🎒
abbashajhashemy,X.com/abbashajhashemy,1009799892418600000,عباس حاج هاشمی
abbasmirshkari,X.com/abbasmirshkari,3376810613,mir.minabi 🎒
abdolreza1108,X.com/abdolreza1108,978710274013360000,عبدالرضا ح.ک🎒
abediny_ar,X.com/abediny_ar,1680159806508740000,🎒علیرضا عابدینی🟩☫🟥
abooohossein,X.com/abooohossein,2032228593225670000,First-class citizen 🎒
adaneshp,X.com/adaneshp,1589898470684610000,A.d 🎒
adollllllfff,X.com/adollllllfff,2009627582787170000,آدولف خسته 🎒
adriana_rojas5,X.com/adriana_rojas5,319423927,adriana rojas 🐱🌻🇵🇸🔻🇻🇪🇨🇺🇮🇷🎒
afruiux,X.com/afruiux,2007724940687240000,🎒افرا
afshin2003,X.com/afshin2003,48724263,🎒 timedoutmusic
aghamoalem_ir,X.com/aghamoalem_ir,1595384514099920000,🎒Mr.Teacher
aghaye_chaei,X.com/aghaye_chaei,1384977784376810000,آقای چایی🎒
ajdemarang,X.com/ajdemarang,806286061,Ajdemarang 🎒 اژدمارنگ
akbari1441,X.com/akbari1441,1250942337938630000,Mohammadakbari🎒
akramjahanian,X.com/akramjahanian,290919396,Akram Jahanian 🎒
ali_agha_hastam,X.com/ali_agha_hastam,1064090527111500000,علی آقا🎒
ali_kochoolo,X.com/ali_kochoolo,991553843174478000,Ali🎒
ali_roshani,X.com/ali_roshani,517218467,ali roshani🎒
alinasab_z25003,X.com/alinasab_z25003,1803698888043310000,Aqua 
alirezapashapo3,X.com/alirezapashapo3,1042273801759860000,پاشاپور🎒
alisanaei,X.com/alisanaei,8506882,Ali Sanaei 🎒
amin_k22,X.com/amin_k22,716650437647073000,🎒امین کشاورزی
amir_kshd,X.com/amir_kshd,1331941605297830000,AMIR 🎒
amirhoseindesh,X.com/amirhoseindesh,1808159398763560000,🎒☫Amirhosein☫
ammar63087,X.com/ammar63087,1923533571685590000,عمار🎒
aqolizadeh,X.com/aqolizadeh,818203818718593000,علی قلی
arahmadimoughad,X.com/arahmadimoughad,1354006223109020000,alirezaahmadimoughadam🎒
arefyazdanii,X.com/arefyazdanii,705144062056276000,عارف یزدانی 🎒
arshiadriverr,X.com/arshiadriverr,1709406093967840000,عرشیا🎒
arshm90,X.com/arshm90,959924677,ali 🎒
asemanbarany,X.com/asemanbarany,2207806412,aseman 🎒🇮🇷
ashoochehr,X.com/ashoochehr,950641035926843000,Ashoodokht🎒اشودخت
assal_baroun,X.com/assal_baroun,1011555425718820000,Fa 🎒
atamin1995,X.com/atamin1995,2059910983049490000,🎒ata
aziranma,X.com/aziranma,1795391851903570000,از سرزمینم 🎒
bache_modir,X.com/bache_modir,1943561187968650000,بچه
baran14281022,X.com/baran14281022,1584602877380730000,🎒baran
baranbahari3254,X.com/baranbahari3254,1165558417731330000,باران بهاری🎒
barkhordar_ir,X.com/barkhordar_ir,1795729863799600000,غلامعلی 🎒
beman__baman,X.com/beman__baman,1062066728442760000,باران بهاری 🎒•
bentolmostafa,X.com/bentolmostafa,1593673217658570000,fatemezahrarajabi🎒
blankfornow23,X.com/blankfornow23,1717900649378040000,Alex 🎒🍉
bobbyknucksss,X.com/bobbyknucksss,1293434153950690000,AE 🎒
cH4T_qU1_V0m1T,X.com/cH4T_qU1_V0m1T,1625884924048820000,cH4T_qU1_V0m1T φ 🐢 𓂆 🇵🇸 🎒 ☫
cathrinemedici,X.com/cathrinemedici,942013373457289000,مِدیچی🎒
chavoshan_ir,X.com/chavoshan_ir,730565431,رضا چاوشان 🎒
chdkidaizy,X.com/chdkidaizy,2800068580,🎒psych🍉🇵🇸🇱🇧🇮🇷
cherrypie_berry,X.com/cherrypie_berry,2005294372888440000,blue🇵🇸🎒
chicapoleo,X.com/chicapoleo,1934763591133220000,Azad🎒
constnt_trvlr,X.com/constnt_trvlr,760941042392769000,🎒Amir🎒
cryptobaz777,X.com/cryptobaz777,1367899209052090000,🎒mesi
dammah2025,X.com/dammah2025,1866143398341560000,Mohammadreza 🎒
darabism,X.com/darabism,267341586,🚩 سید مصطفی دارابی 🎒
daraei1384,X.com/daraei1384,1571960632718520000,🎒 Mr.Tweet farsi
dekho1000,X.com/dekho1000,3398813031,🎒 محمد آزادی
dokhtarebar_6,X.com/dokhtarebar_6,1869223239266030000,دخت بهار ☫ 🎒
dokhte_irane57,X.com/dokhte_irane57,1576075530507540000,☫دختر ایران☫🎒
dokhtttt,X.com/dokhtttt,3699930257,Mah 🎒
earthygirl011,X.com/earthygirl011,2014606145441120000,Mrs Gee 💚🇵🇸🎒
ebMercury,X.com/ebMercury,878407613205148000,🎒Mercury
edris_vahdat666,X.com/edris_vahdat666,1026777100479550000,ادریس وحدت | Edris vahdat🎒
elahe6266,X.com/elahe6266,2042216163485050000,الهه ریوندی🎒
enio_mori,X.com/enio_mori,1597667809076680000,موری دِ گرِی🎒
erfaniiom,X.com/erfaniiom,1445781928741720000,🎒 عرفان
eskandar_Baghbn,X.com/eskandar_Baghbn,1473927464107850000,اسکندریوم:) 🎒
etemad_vahid,X.com/etemad_vahid,938892867975737000,Vahid Etemad 🎒
f_mustafavi,X.com/f_mustafavi,1891555510413030000,فاطمه مصطفوی🎒
fadaeirahbar110,X.com/fadaeirahbar110,1142302848530750000,seyed🎒
fahimeh_chh,X.com/fahimeh_chh,62253359,🇮🇷🎒 فمی
farrlover,X.com/farrlover,914051717662114000,☫ 𝔇𝔞𝔫𝔦𝔢𝔩 ☫ 🎒
farschideh,X.com/farschideh,256668246,Farshideh🎒
fatemeh_sadat91,X.com/fatemeh_sadat91,1299276804696440000,خانم فردوس 🎒
fazel_rajabipor,X.com/fazel_rajabipor,879768078573326000,فاضل(🎒)
feizimedia,X.com/feizimedia,821769093535699000,Reza Feizi 🎒
fekrooooo,X.com/fekrooooo,1661483110414910000,🎒عمو قاسم
freeworld313_12,X.com/freeworld313_12,1951190837515240000,FREE WORLD 313 |🎒
g_jamedaran,X.com/g_jamedaran,1291082683406260000,🎒جامِه
game_chanja,X.com/game_chanja,855682746215281000,Minab 🎒🇮🇷
gandombanoooo,X.com/gandombanoooo,1729763293986740000,🎒گندم بانوی ایران💚☫❤️
ghargoozsanj,X.com/ghargoozsanj,1873130794547340000,🎒قار بووق سنج
gholami_farzane,X.com/gholami_farzane,1269891542862360000,🎒⚓️ایران
glngila,X.com/glngila,1933485732040980000,Saboo🎒
goli00098,X.com/goli00098,1807460510322900000,🎒☫ 🇮🇷goli
golnoosh1,X.com/golnoosh1,327836912,🎒گلنوش
gooloo_ziz35839,X.com/gooloo_ziz35839,1926673480298170000,🎒♧Ehsan♧
gulabaton_22,X.com/gulabaton_22,1068584500505010000,گلابتون🎒
h_gandomkar,X.com/h_gandomkar,959776835474285000,🎒حسن گندمکار
hadisenafs,X.com/hadisenafs,990657033757217000,🎒حدیث نفس
hajk1,X.com/hajk1,14961131,🎒 حاج کیوان
hajmilad_mse,X.com/hajmilad_mse,2049484134846700000,میلاد صالحی ( اکانت دوم )🎒
hajmilad_salehi,X.com/hajmilad_salehi,1842203556302230000,🎒milad salehi|حاج میلاد صالحی
hamedthk72,X.com/hamedthk72,826139674863403000,Hamed Taghizadeh 🎒
hamidmahdavini2,X.com/hamidmahdavini2,1564340943330990000,hamid mahdavinia🎒
hamidrezaya,X.com/hamidrezaya,283128501,سرباز وطن 🎒
haniehbln,X.com/haniehbln,1213368644,🎒 هانیة
hannabaker13rw,X.com/hannabaker13rw,1152668285965490000,خانوم میزل 🎒
hassimo313,X.com/hassimo313,1290702713421020000,دنیل مارگارته🎒
havaspaart,X.com/havaspaart,1204881384126460000,🎒 حیران
hemasehkhan,X.com/hemasehkhan,2047359362646360000,محمدعلی آهنگران🎒
hezardastan1981,X.com/hezardastan1981,948960191600578000,hezardastan1980
hnaseri67,X.com/hnaseri67,1573929705857770000,حسین ناصری 🎒
hoda_najafii,X.com/hoda_najafii,2046336136872690000,هدی نجفی🎒
home__land__,X.com/home__land__,301469170,Home Land 🎒
horrenghelabi1,X.com/horrenghelabi1,1615326360213270000,ضیاء 🎒
hosini80,X.com/hosini80,1405021081258360000,بانوی بهار 🌺🎒
hosna_76,X.com/hosna_76,1807139991253870000,حُسنا شریفی🎒
hossein77dev,X.com/hossein77dev,879339029698929000,hossein♥️🤍💚🎒🚢💔
hossein_zre,X.com/hossein_zre,1766438832256300000,hossein 🎒
hosseini_t,X.com/hosseini_t,1211206273,Hossein 🇮🇷🇸🇩 🎒
hosseinzadeh_10,X.com/hosseinzadeh_10,2059857765397340000,جرم بچه مدرسه ای چی بود حروم زاده ؟!🎒🖤🥀
iamelibanoo,X.com/iamelibanoo,1216424418903280000,elibanoo 🎒
iammohmed_,X.com/iammohmed_,995327190697902000,🎒S.Mohsen Mousavi
ideal_freak,X.com/ideal_freak,930140971412705000,سَیّد اِدیتُورّ🎒
ilia_mahami,X.com/ilia_mahami,947988377424613000,🎒
impersian_ir,X.com/impersian_ir,1978473050908800000,Mohammadreza 🎒
iran18189,X.com/iran18189,1507707776126100000,Alireza🎒
itstemy,X.com/itstemy,1885674167166770000,🎒 temy
jalilmoheby,X.com/jalilmoheby,860947489515614000,جلیل محبی 🎒 JALILMOHEBY
jalilyonline,X.com/jalilyonline,46863210,Somaieh Jalily 
justamiss96,X.com/justamiss96,1453691519542700000,اَمیس🎒
kablaee22,X.com/kablaee22,1845151469747460000,Kablaee🎒
kaf_non53,X.com/kaf_non53,1880127067083140000,•کاربر ایرانی🎒•
karimkhany,X.com/karimkhany,321853693,🎒 احسان
kasno_1,X.com/kasno_1,1669625506512220000,🎒決して 愛 されなかった 男
khademmoreza,X.com/khademmoreza,1925609943039950000,Dr.davar.leyli 🌱☫🎒
khalenanaa40,X.com/khalenanaa40,1504177418554250000,خآلِه نَعّنآ🎒
khanoommhajiii,X.com/khanoommhajiii,1581501836846110000,خانــم
khashayarjl,X.com/khashayarjl,2357420813,🎒خشایار جمشیدی
khoda25,X.com/khoda25,1350483499099310000,طــــــ🎒
kian_irani688,X.com/kian_irani688,1963416377798400000,🎒 محمد رحیمی/کیان ایرانی
kochar_ir,X.com/kochar_ir,1342397346836070000,کــوچـَــر (קוצ'ר)🎒
laili_dideban63,X.com/laili_dideban63,1496098469202710000,لیلا دیده بان🎒
larak1985,X.com/larak1985,2040634063497610000,Lara 🎒
leylajun,X.com/leylajun,1795027246173790000,🎒leyla
leylajunn,X.com/leylajunn,1747105774042480000,Leyla🎒
limitedinfinit,X.com/limitedinfinit,61584425,Kaveh 🎒
m_mikaeel_2011,X.com/m_mikaeel_2011,1990743930569440000,🎒🟩☫🟥Ya Mahdi🟩☫🟥🎒
m_ostad4148,X.com/m_ostad4148,2043213952172150000,میم.استاد 🎒
m_shahbazi1,X.com/m_shahbazi1,1908105414580820000,فرزند ایران🎒
m_vegan8,X.com/m_vegan8,2015682300738930000,m 🎒🚢
mahdi345135944,X.com/mahdi345135944,1704577035895510000,🎒💔mahdi
mahdi_afzali_m,X.com/mahdi_afzali_m,2059280668039790000,🎒M.mahdi_afzali
mahdi_talesh,X.com/mahdi_talesh,1858524118439630000,تالش🎒💔
mahjin7,X.com/mahjin7,1106903116765630000,mahsa:)⁷🎒
mahtabshab14,X.com/mahtabshab14,2058622524926080000,فاطی 🎒🍉
mahya_a17,X.com/mahya_a17,1292304163955670000,محیا
malekshariati,X.com/malekshariati,1208092430123230000,مالک شریعتی🎒
mamiiii_mamiii,X.com/mamiiii_mamiii,1891792013017870000,Mami Mami🎒
marde_jawan,X.com/marde_jawan,1641089175368730000,🎒 مرد جوان
margoliiiii,X.com/margoliiiii,863126723205898000,Margol🇮🇷 🎒
marjaneabaszade,X.com/marjaneabaszade,1774893641284170000,مرجانه 🎒
mashroteh_khah,X.com/mashroteh_khah,595445152,🎒 مشروطه خواه
masi_mim,X.com/masi_mim,997555404413469000,م. محمدی🎒
mastsne007,X.com/mastsne007,2041223320817770000,Mastane007🎒
mehdiiaq,X.com/mehdiiaq,2955963872,مهدی ایرانی 🎒
mehmeh1363,X.com/mehmeh1363,1518946841311830000,Mehdi D 🎒
mehrakiiiii,X.com/mehrakiiiii,1573914447139250000,مهرک 🎒
mehrzadega55751,X.com/mehrzadega55751,1942001267070710000,Paree_Mehrzadegan 🎒
melikakhatoon,X.com/melikakhatoon,1877845795812380000,🎒مليكا
mesbah135,X.com/mesbah135,1876517383638320000,نَجْـمُ
meysamrost88638,X.com/meysamrost88638,1874542750609320000,meysam 🎒
mh_chavoshi,X.com/mh_chavoshi,706075219052650000,محمدحسین چاوشی🎒
mhcz128,X.com/mhcz128,893224400006283000,محمدحسین چاوشی🎒
mhmdigl,X.com/mhmdigl,1847202819901700000,عمران گل
mhsn6406,X.com/mhsn6406,2997546289,مُحْسِنْ🎒
mikaeilp444,X.com/mikaeilp444,1247981964839220000,Mike P میکائیل 🎒
mim205zm,X.com/mim205zm,2016148834045290000,«عمو میثم»🎒
mim_dal_,X.com/mim_dal_,883731581810209000,میم. دال 🎒
mimtheman1940,X.com/mimtheman1940,2041945969684550000,🎒memenoonmeme | زراد خان 🟩☫🟥🍉
minininjalove,X.com/minininjalove,1001201832142820000,MiniNinjaLove ˈnɪnʤə’ ∞🎒
miri_sayeh,X.com/miri_sayeh,1119592452422290000,🎒Sayeh Miri
mirzamohsen_Gr,X.com/mirzamohsen_Gr,1059200925615630000,🎒 Mohsen.Geranbaha
mispentyouth99,X.com/mispentyouth99,1241769691560870000,shushu 🎒
missroha128,X.com/missroha128,2048880147869090000,مجانب قائم🎒
mkzamanifard,X.com/mkzamanifard,1396074161127180000,محمدکاظم زمانی
mmohammadpoor1,X.com/mmohammadpoor1,1051521535721300000,خانم محمدپور🎒
mo_ali_n,X.com/mo_ali_n,850670206879924000,🎒ALI
moallem_khaste,X.com/moallem_khaste,2036285470171430000,الi 🎒
mohaddes78,X.com/mohaddes78,1806092982225110000,🎒محدث سید
mohade3_rezaei,X.com/mohade3_rezaei,857637622361072000,🎒ماهی
mohammadreza98f,X.com/mohammadreza98f,89788418,محمدرضا 🟩☫🎒
mohebolhossein1,X.com/mohebolhossein1,1794447639032770000,کَلای مهدی 🟩☫🟥🎒
mohiran369,X.com/mohiran369,1306183138331290000,🌻🍉🎒 مسیر سرخ
mohsen__a,X.com/mohsen__a,1215584186905650000,🎒 محسن ع
mohsenfarsi02,X.com/mohsenfarsi02,543313337,Iran Azad 🎒
mohsensstn,X.com/mohsensstn,3123947613,🎒Mohsen S
mojtahedT,X.com/mojtahedT,1915206099654820000,🎒سید فامیل زاکانی
monarchistIRAN,X.com/monarchistIRAN,1247195838125920000,ex-monarchist iran 🎒
moradi__313,X.com/moradi__313,1675723932643520000,🎒زهرا مرادی☫
morteza_kaka313,X.com/morteza_kaka313,1610446766779790000,🎒مــــ رتضـــ یٰ کاکـــــا ☫
mr_ali_musavi,X.com/mr_ali_musavi,1542480831964500000,🎲🎒 علی موسوی
mtabarestani1,X.com/mtabarestani1,1937319424656020000,rad🎒
mtavakoliann,X.com/mtavakoliann,790148866314207000,مُحْسِنْ 🎒
muzamilhkhanday,X.com/muzamilhkhanday,1950120500627180000,Hussain 🎒
n_brti1984,X.com/n_brti1984,1479300580262570000,نورا براتی🎒
nahiid_movahed,X.com/nahiid_movahed,1840246989168230000,🎒ایران خانم جان🎒
nargesi__63,X.com/nargesi__63,1038546043925930000,نرگسی🎒
narjes_31180,X.com/narjes_31180,1476266675020480000,خانم پرستار🎒
naziholylight,X.com/naziholylight,1990129268224040000,🚢My.Lovely.Iran 🎒
neghah13,X.com/neghah13,1507757356393940000,آلفرد🎒
pancherkhan,X.com/pancherkhan,1714788429958110000,mash agha khan 🎒
parastoyekhoda,X.com/parastoyekhoda,894185707476062000,🎒 پرستوی خدا
parima19683,X.com/parima19683,1416101126978640000,🎒بهنیا
passenger2019,X.com/passenger2019,1095101528241830000,مسافر🎒
persi4cs,X.com/persi4cs,1030791251862400000,persiaIrani.s 🎒
pesian_ranker,X.com/pesian_ranker,1748471425608960000,Nav Dena🛥️جانفدای ایران🎒Minab168🎒
peygir_,X.com/peygir_,1961003515331130000,peygir🎒
peymanr_farsi,X.com/peymanr_farsi,2034821215295360000,🎒 پیمان رزاقی
pinkpanter132,X.com/pinkpanter132,1239106332256600000,سین.الف🎒
plekhmun,X.com/plekhmun,1865757215870660000,🎒Plekhmun💚☫❤️
pontiuspilateIR,X.com/pontiuspilateIR,906104604,Pontius Pilate(SILENCED by X 🤐)🎒
pouryatkaronto,X.com/pouryatkaronto,2029090188887230000,Pourya Zarasvand 🎒
pro__signal,X.com/pro__signal,1479369646688120000,professional signal 🎒
professor_766,X.com/professor_766,1396427868595450000,پروفسور 🎒
pulsirani,X.com/pulsirani,2031751495692200000,Majid🎒
punishedmazdak,X.com/punishedmazdak,2041629158766150000,mazdak 🎒
qcCultural,X.com/qcCultural,15896379,Quociente Cultural® 🎒
rachel_aas,X.com/rachel_aas,3283976076,Rahil S 🎒
radmard_s22256,X.com/radmard_s22256,1681185164565540000,☫اقیانوسی کم
raminjafariam,X.com/raminjafariam,305608916,Ramin 🎒
ramprai,X.com/ramprai,449148677,Yitzhak Prai 🎒🇨🇺🇬🇱🇵🇸
rap1stcat,X.com/rap1stcat,1151805699627910000,گربه متجاوز 🎒
razaghimorteza1,X.com/razaghimorteza1,1585735389872110000,Morteza Razaghi🎒
rebrahimi,X.com/rebrahimi,154842478,🇮🇷🎒 🟥 ☫ 🟩 رضا ابراهیمی
refigh_jalal,X.com/refigh_jalal,735708053241090000,سید خندان 🎒
resistmeme,X.com/resistmeme,3350337239,soren 🎒
revayateman,X.com/revayateman,962460685568487000,مهدی غنچه🎒
reyhanehjabarii,X.com/reyhanehjabarii,2054497618630480000,🎒ریحانه جباری نسب
rezaabdolm80622,X.com/rezaabdolm80622,1700800799398310000,🎒reza🎒
rk818697,X.com/rk818697,819156793,رضا ک.🎒
rmzni56,X.com/rmzni56,1880129020894840000,سرباز وطن🎒
rnamdari,X.com/rnamdari,56129549,Reza Namdari🇨🇦🎒
s_rahgozarr,X.com/s_rahgozarr,1837491429977020000,رهگذر☫🎒
saadia_nm,X.com/saadia_nm,2416404084,Anti Zionist 🎒
sadat756324603,X.com/sadat756324603,1636765858679730000,🎒🌸سادات حسینی🌸🎒
saeedalidaie,X.com/saeedalidaie,822871293657829000,Saeed_alidaie 🎒
saharenamdar,X.com/saharenamdar,1436993898551850000,🟥☫🟩 ƶ_ɓαɳเ αɦɱα∂เ
sahebam_ir,X.com/sahebam_ir,1960045353920780000,صاحبم🎒
sajadshia,X.com/sajadshia,2479783470,🎒 sajad azari 🟩 ☫ 🟥
salmanrood,X.com/salmanrood,806084201141387000,🎒خانم ن.سلمان💚☫❤
samanmahmoudi9,X.com/samanmahmoudi9,1163803383297450000,🎒 samanmahmoudi
sanazjai1377,X.com/sanazjai1377,1291477227817830000,ساناز طلبه انقلابی🎒
sanjaghakebishe,X.com/sanjaghakebishe,1893875227022460000,سنجاقک بیشه🛳️🎒
saradaliri2,X.com/saradaliri2,1608360399996430000,🎒sara🎒
sarcheshmi,X.com/sarcheshmi,1390634042861760000,🎒پگاه. حسینی.
sayad_133,X.com/sayad_133,1595486730282490000,سید علی صیاد 🎒
sed_mmdd,X.com/sed_mmdd,1454407945375170000,سِد مَمَد🎒
sedna_m78,X.com/sedna_m78,2061816870802700000,سدنا 🎒
semes1415,X.com/semes1415,1555053984993480000,🎒Shadow Commander
seyedmahdi11,X.com/seyedmahdi11,827928488686547000,آسِید مهدی💪🏻🟩 ☫ 🟥🎒
seyyed_relax,X.com/seyyed_relax,918922421448642000,🎒 seyyed 🟥 ☫ 🟩
shaaki_shaaki,X.com/shaaki_shaaki,1837911650831060000,🎒 شاکی
shahidhemmat1,X.com/shahidhemmat1,1057705808266440000,مرضیه بانو🎒
shamlouzhr,X.com/shamlouzhr,2043994092367980000,Zahra🎒
sharen_mm,X.com/sharen_mm,1225985652359120000,Shabnam🇮🇷🎒
shivaHormuz,X.com/shivaHormuz,2042563241545500000,Shiva 🎒⚓️
silvermairi,X.com/silvermairi,1809314988944940000,Máiri 🎒
sm_eft,X.com/sm_eft,1346831274409950000,برنـگزیده:)🎒
smelmi,X.com/smelmi,273655864,🎒sayed mahdi elmi hoseini
snakefruit44,X.com/snakefruit44,1735008632,Snake Fruit 🎒
soltonaliii,X.com/soltonaliii,1957896699743010000,jefri🎒
studio_1357,X.com/studio_1357,959142611025060000,مهدی رضایی🎒
t0m_bayeye,X.com/t0m_bayeye,1700853403004330000,#RutoMustGo 🎒 🟩☫🟥 🇵🇸 🇱🇧 🇸🇩 🇨🇩
talhakheybar,X.com/talhakheybar,2032085292740710000,Talha🎒
tavasol313,X.com/tavasol313,1793626085709450000,دختِ بینه🎒
techdr655,X.com/techdr655,1793949783620830000,☫ Hadi ☫ 🎒
thesilversats,X.com/thesilversats,1215740413274930000,𝑰𝒕𝒔 𝒛𝒂𝒓𝒂🎒🛥️( پرچم رسمی ایران )🇵🇸🇪🇦
thfAli9thy,X.com/thfAli9thy,2063974783243450000,Ali🎒
tractooor1362,X.com/tractooor1362,1894773747506150000,🎒❤️IRAN❤️Tractor driver
triana_juanda,X.com/triana_juanda,4144515493,🎒 Mega Triana Juanda
umash9,X.com/umash9,2272499280,rofl_duniya🌾🚜🇮🇳🇮🇷🍉🎒
unique_fella,X.com/unique_fella,4832939187,Amir Biganeh🎒
uzzpac,X.com/uzzpac,1549254977582940000,Hossein 🎒
vahid_taghavii,X.com/vahid_taghavii,3077626955,وحید تقوی🎒
vatandoust12,X.com/vatandoust12,1380443104692500000,🎒وطن
vefaghemelli,X.com/vefaghemelli,1527749620159370000,وفاق ملی 🎒
xpresenterxeli,X.com/xpresenterxeli,1546644835649700000,☆🎒 Elaheh
ykarimi_,X.com/ykarimi_,1177968577653200000,یعقوب کریمی 🎒
yyazdanparast,X.com/yyazdanparast,371601899,yavar yazdanparast 🎒
z_rouzpaikar,X.com/z_rouzpaikar,1413950761357230000,زینت بابام🎒❤️🤍💚
zahra_Mahs,X.com/zahra_Mahs,1585924517444160000,🎒زهرا
zahra_eb71,X.com/zahra_eb71,1540070943808270000,زهرا🎒
zarinnam,X.com/zarinnam,2194127207,🎒 مهدی زرین
zeynab_banoo313,X.com/zeynab_banoo313,1372745584809960000,zeynab🎒
zmohebian,X.com/zmohebian,1318875683330900000,Zohre Mohebian 🎒
zohreh_javadfar,X.com/zohreh_javadfar,1213530582317090000,Zohreh Javadfar🎒
zulsery,X.com/zulsery,1635741944105110000,🎒Zuls
zvonko2026,X.com/zvonko2026,2006561965343390000,ISHKA 🎒
zynb2003brzn,X.com/zynb2003brzn,1946570780399010000,◜𝐳𝐞𝐲𝐧𝐚𝐛|🎒¹⁶⁸◞
6731samm,X.com/6731samm,868157002907832000,علی عادل IRAN🟥☫🟩
7sardar7,X.com/7sardar7,1338808871226400000,سردار ☫
ABDULMALIK64744,X.com/ABDULMALIK64744,1755176657936120000,"Quαnτum (🇯🇴,☫)"
ALI_KHOSH_SIMA,X.com/ALI_KHOSH_SIMA,1148876925080920000,🇵🇸 🏡 🟥 ☫ 🟩 علی خوش سیما {ARCHITECT📐}
A_m_meymand,X.com/A_m_meymand,1246085915665150000,🟩☫🟥امیرحسین مرتضی زاده میمند
Abane_65,X.com/Abane_65,1524129120367560000,پناه🦋☫
Abbasinan73,X.com/Abbasinan73,758253562933588000,عباس اینانلو 🟥 ☫ 🟩
AhmadReza1417,X.com/AhmadReza1417,812993596580237000,احمدرضا 🟥 ☫ 🟩
Aida2791,X.com/Aida2791,1246187042654110000,🟩☫🟥Aida
AlabiOse,X.com/AlabiOse,1971843262261450000,Uthmany ☫
Amid_1030,X.com/Amid_1030,1451571674642590000,این نیز بگذرد🗿🗿🟩☫🟥
Anira_61,X.com/Anira_61,1417270475420480000,🟩 ☫ 🟥 anira آنیرا
AntiWestGuy,X.com/AntiWestGuy,1754600904383200000,☫ Aly دنبال کننده
Aryan8208,X.com/Aryan8208,1244197287062120000,Aryan.A🟩☫🟥
Azar_059,X.com/Azar_059,1601678405409380000,Azar ☫
B8B11,X.com/B8B11,1250026351,🇵🇸🇱🇧🇾🇪🇮🇶☫8adr11☫🇻🇪🇪🇸🇮🇪🇳🇴🇸🇮
BNazanin12147,X.com/BNazanin12147,1933339827258240000,فاطمه ☫
BadaliSabi6872,X.com/BadaliSabi6872,1685215677722820000,☫سبیله☫
BahareSharifiy,X.com/BahareSharifiy,1798160853411250000,❤️☫💚 بهاره شریفی
BamaramSaeed,X.com/BamaramSaeed,1421755167804850000,سعید بامرام ☫
BdalmlkM77522,X.com/BdalmlkM77522,1816070485412830000,عبدالملك ☫
Bijan43214,X.com/Bijan43214,1560971554271490000,IR-Bijan-IR 🟩☫🟥
Brother_mostafa,X.com/Brother_mostafa,1110228234086440000,🚩برادر مصطفی☫
Communislamism,X.com/Communislamism,1930155525758400000,WaNaCa 🟥☫🟩
DShu91,X.com/DShu91,1577558305270110000,SHUAiB🇮🇶🟩☫🟥l🇱🇧🇾🇪
DaM45581,X.com/DaM45581,1649864590455450000,توفکر 🟩☫🟥
Des2reserva,X.com/Des2reserva,1817195848755020000,Des Soc ☫ 🪂
Doc_m_7,X.com/Doc_m_7,1175049198057720000,🟥 ☫ 🟩🇾🇪Dr.m
DrMohaqeqi,X.com/DrMohaqeqi,878040664726012000,د.حسین محققی ☫🇮🇷
Dr_fathi_davood,X.com/Dr_fathi_davood,888402846646981000,🟩☫🟥داود فتحی
EEbadi313,X.com/EEbadi313,850789733982769000,احسان عبادی / Ehsan Ebadi 🟩 ☫ 🟥
Ebrahim_Zolfgri,X.com/Ebrahim_Zolfgri,2060056339582180000,Ebrahim Zolfaghari ☫
Ehsan3851,X.com/Ehsan3851,977843916157407000,Ehsan385🟥 ☫ 🟩
Faam_maaH,X.com/Faam_maaH,1449682497239930000,faam_maah☫🙋🏻
Fateme07005731,X.com/Fateme07005731,1247454111349350000,آلاله✍️ ☫🏴
Fatima_the7,X.com/Fatima_the7,886264415951233000,𝐅𝐚𝐭𝐢𝐦𝐚☫
Fatimawqh,X.com/Fatimawqh,2056773913955200000,Fatima ☫ 🇱🇧💛✨
HafezSamirAssad,X.com/HafezSamirAssad,1784353916882160000,☫卍 النقيب حافظ سمير الاسد
HaidarAkarar,X.com/HaidarAkarar,279942689,Haidar Al-Karrar ☫
Haj_Rezvan333,X.com/Haj_Rezvan333,931914944941056000,🇵🇸 ☫ حاج رضوان
HakanGuvercin,X.com/HakanGuvercin,117198544,Hakan Guvercin 🇵🇸🍉🔻𓂆 ☫
HamedRezaH7H,X.com/HamedRezaH7H,1593632511900490000,🟥 ☫ 🟩Hamed Karimi
Hikari_sunlight,X.com/Hikari_sunlight,1588143357682930000,🟥☫🟩Hikari
Hosseinighehi,X.com/Hosseinighehi,48510791,⚖️ سیدمهدی حسینی قهی☫ ⚖
HugoSenart,X.com/HugoSenart,1378463693818710000,یوسُفــــ (اوگو سِنار) ☫
ILoveTirpitz001,X.com/ILoveTirpitz001,1709264639953910000,Adam Khaldun 🏴
IRAN_in_NL,X.com/IRAN_in_NL,1031859829026050000,"☫ Iran Embassy in The Hague, The Netherlands"
Ibn_Ummih,X.com/Ibn_Ummih,1967973338606650000,🇯🇴☫
IiMustfe,X.com/IiMustfe,759164936392208000,☫ مصطفى أبا الفضل الساعدي 🇮🇶
Iman67633,X.com/Iman67633,898876446055297000,🟩 ☫ 🟥 iman6763
Iran_Tigerll,X.com/Iran_Tigerll,1443471964652260000,🟥☫🟩 tiger
IrnaEnglish,X.com/IrnaEnglish,813279088865645000,IRNA News Agency ☫
Ismaelkhaani,X.com/Ismaelkhaani,1573399221520270000,𝐈𝐬𝐦𝐚𝐢𝐥 𝐊. 𝐇𝐢𝐥𝐥𝐨𝐰𝐥𝐞 𝐌𝐁𝐀 ☫
IvanBuchanJanus,X.com/IvanBuchanJanus,313400612,Ivan Янушкевич ☭🔻☫🇵🇸🇱🇧🇾🇪🇻🇪🇷🇺🛸
Jordigave,X.com/Jordigave,183786438,Jordi Garriga 🇪🇸🇾🇪🇨🇳🇷🇺🇵🇸🏴☫
Jose35569692962,X.com/Jose35569692962,1905397603325610000,Nox’d 
Khalifah_313,X.com/Khalifah_313,948211673722171000,Hussein IM_313 💚 ☫ ❤️🇵🇸
Lajbaz2233,X.com/Lajbaz2233,1215569964037480000,Behzad💚☫❤
M66Mi141359,X.com/M66Mi141359,1933557217828970000,وهبرز 🟩☫🟥
MAHDIW20510182,X.com/MAHDIW20510182,1025833276009860000,M A H D I .W 🟩☫🟥
MO21_ALI,X.com/MO21_ALI,1634456821602680000,محمدعلي الايراني☫
MahMan1232,X.com/MahMan1232,1857346984417400000,ملکا خانوم💚☫❤️
MahdiSoltan88,X.com/MahdiSoltan88,1043591131978720000,مهدی سلطان احمدی 🟥 ☫ 🟩
Melika_2005,X.com/Melika_2005,1572553116121290000,ܩـلیـڪا
Mim_Emadi,X.com/Mim_Emadi,1467799403066970000,Mojtaba Emadi ☫
Moheb1387,X.com/Moheb1387,2059952356649780000,مُحِب☫
Mohsen_aliabadi,X.com/Mohsen_aliabadi,712373630324351000,محسن علی
MojtabaNoo48189,X.com/MojtabaNoo48189,1988932303557650000,مجتبیM.N.R 🟥 ☫ 🟩
MokiJoon89,X.com/MokiJoon89,2019377814911480000,BlackMoth ☫
Moslehi_m_m,X.com/Moslehi_m_m,1246421846817470000,محمدمهدی
Naia10075,X.com/Naia10075,1785283944146940000,🟩☫🟥 Kamangir
Narjes_Rahmati,X.com/Narjes_Rahmati,1805333100735740000,Narjes Rahmati 🟩☫🟥 نرجس رحمتی
NoRightToSpeak_,X.com/NoRightToSpeak_,1911844583635290000,☫🚀🔥🇺🇲🇮🇱🔥
Noboby,X.com/Noboby,54684548,Amir 🟩☫🟥
P0liticalscienc,X.com/P0liticalscienc,1667183618685390000,💚☫❤️DRMZ
PcsAtlas,X.com/PcsAtlas,4343129476,Pcs Atlas ☭ 𓂆 ☫
Pianist_ir,X.com/Pianist_ir,1242581035038150000,Pianist ☫
PowerToTheProle,X.com/PowerToTheProle,2017081871796990000,Nikolaos ☫
RahaDarSokoot,X.com/RahaDarSokoot,1250850824978400000,ناریکا💚☫❤️
Rahil__68,X.com/Rahil__68,1380822334425150000,رحیل 🟩☫🟥
Rd_Irani,X.com/Rd_Irani,2014098815989490000,الرادع الإيراني☫
RedResister_X,X.com/RedResister_X,1941462231285190000,☫ کیان فر
Rezaahadi_ir,X.com/Rezaahadi_ir,1114987200838610000,for peace in iran🟩☫🟥
Rezamaghami_ir,X.com/Rezamaghami_ir,2061701913192650000,Reza maghami🟩☫🟥
SHO_1940,X.com/SHO_1940,1965430864231500000,يَاسِين يُوسُف ☫
Saeidi_Saeid3,X.com/Saeidi_Saeid3,1415038048467830000,🟥☫🟩 سعید سعیدی
Salahuddin_quds,X.com/Salahuddin_quds,2049614332733060000,Salahuddin☫
Samarviews,X.com/Samarviews,1153695517429230000,KS Samar ☫
Sara_sal222,X.com/Sara_sal222,1569359670539690000,🚩 Sara ☫ Saleh 🚩
SarahMahja25793,X.com/SarahMahja25793,1913641326547240000,Sarah Mahjabin 🇪🇬 🟩☫🟥
ShaheenSD619,X.com/ShaheenSD619,22743299,Shaheen 🟩☫🟥
Shima4Ali,X.com/Shima4Ali,1679836569593680000,☫شیما☫
Soheil_Os,X.com/Soheil_Os,3455948776,SoHeiL|I.R.IRAN🟩
Syedhasnain_92,X.com/Syedhasnain_92,1800482448226000000,Syed Hasnain Abbas ☫
Tayyebehmeshkia,X.com/Tayyebehmeshkia,1024731737656630000,Tayyebeh Meshkian |طیبه مشکیان 🟩☫🟥
XaviPortales,X.com/XaviPortales,123216018,Xavi Portalés 💚☫❤️🧻🌳👨🏼
ZQazvinian,X.com/ZQazvinian,1681218622474130000,Z Qazvinian❤️☫💚
Zakhmeh12,X.com/Zakhmeh12,1442802974540060000,زخمه🟥 ☫ 🟩
Zinad_313,X.com/Zinad_313,1720558147809490000,زنـ𓂆ـاد || Trigger ☫
_mohsen369,X.com/_mohsen369,1265811687250240000,🟥 ☫ 🟩 Mohamadi
abdolahzadeh_ir,X.com/abdolahzadeh_ir,551848067,🟩☫🟥𝒜𝓁𝒾 𝒜𝒷𝒹☫𝓁𝓁𝒶𝒽𝒵🦚𝒹𝑒𝒽
aletaha69,X.com/aletaha69,1222485063641730000,محمد گودرزی زاده 🟥☫🟩
ali_ghezelayagh,X.com/ali_ghezelayagh,889801394756178000,🟥 ☫ 🟩ali_ghezelayagh
ali_lotfinia,X.com/ali_lotfinia,1151601231787370000,علی لطفی ☫
alitam113,X.com/alitam113,1683629159455530000,علی فرمانی ☫
alymanymhmd3,X.com/alymanymhmd3,1707209335053410000,محمد ☫
amahmoudi1363,X.com/amahmoudi1363,1720422238799670000,MAHDI 🟩☫🟥
amb_k221,X.com/amb_k221,1213792908941260000,🚩🟩☫🟥 𝓐𝓶𝓲𝓻𝓶𝓸𝓱𝓪𝓶𝓶𝓪𝓭 𝓫𝓪𝔂𝓪𝓽
antizio_c,X.com/antizio_c,2051132156261420000,colby ☫ 🇲🇽🇺🇸
arfh_hshmi,X.com/arfh_hshmi,1399456027649710000,🏴 ســــادات
asmakhajehzadeh,X.com/asmakhajehzadeh,892310399609172000,🟩☫🟥 اسماء خواجه
ayonno,X.com/ayonno,1933499950719250000,Hanie ☫
azadeozendani,X.com/azadeozendani,1276445242724680000,نبراس 🟩 ☫ 🟥
azadi1366,X.com/azadi1366,883595667049984000,Muslimee ❤️ ☫💚 🇦🇫
azmemar30,X.com/azmemar30,1943296791698460000,علی اصغر اظهری 🟥 ☫ 🟩
banoo_lawasani,X.com/banoo_lawasani,2062220216709280000,بانو لواسانی❤️☫💚
behimim_bckup,X.com/behimim_bckup,1880630380065080000,BehiMim(New)🟩☫🟥
bintezainbiyoun,X.com/bintezainbiyoun,1580933973793980000,BinteZainabiyounV2 ☫ ރ
c7jil,X.com/c7jil,1895841798624590000,عباس هادي ☫
daneall_j72,X.com/daneall_j72,1586294974953430000,🇷🇺 DJD ☫
derakhshanmedia,X.com/derakhshanmedia,797106841738211000,🟩 ☫ 🟥derakhshanmedia🟩 ☫ 🟥
dokhtare_ariyi,X.com/dokhtare_ariyi,1985359705322270000,🟥☫🟩Fateme
fa_abv,X.com/fa_abv,1080737115753850000,Fatemeh Abv 🟩 ☫ 🟥
famil2r,X.com/famil2r,1216399328857790000,امید نریمانی/ فامیل دور 🟩 ☫ 🟥
farkingralph,X.com/farkingralph,1960129127110890000,No Zio State Solution ☫
fatima_ras01,X.com/fatima_ras01,1570720544856600000,fatima.ras💚 ☫ ♥️🏴
fish_birb,X.com/fish_birb,257434552,fishbirb.bsky.social 🐟🔻🇵🇸🇱🇧☫🇻🇪🍉
fonixs34,X.com/fonixs34,1643153050826150000,fonix🟥 ☫ 🟩
fouad_jm2,X.com/fouad_jm2,1608446439985710000,Dr.Foad ☫
ftm_sdt_,X.com/ftm_sdt_,931629720554291000,فاطمه سادات ☫
ghademoon_158,X.com/ghademoon_158,841732380981395000,نحن قادمون𓂆☫🚩
ghanemipour_m,X.com/ghanemipour_m,1504536245879330000,student.pilot.mgh🟩☫🟥
gmanredux,X.com/gmanredux,2006625017459780000,The Gman ☫ 🔻
h_nasserian,X.com/h_nasserian,3093136072,Hamed Nasserian 🟩☫🟥
halehesmaili,X.com/halehesmaili,1107695200426710000,معصومه 🟩☫🟥
hazebollah,X.com/hazebollah,2036592475855590000,hazebollah🟩☫🟥
hoda_b_z,X.com/hoda_b_z,1214990839665050000,هدی🟩☫🟥
hoseinzebarjad,X.com/hoseinzebarjad,1448985064302330000,حسین زبرجد🟥 ☫ 🟩
hosenrezapour,X.com/hosenrezapour,1863241728091720000,حسین رضاپور | Hossein Rezapour
hoseyn_ra,X.com/hoseyn_ra,1752541160671720000,Hoseyn Rahmati ﴾☫﴿
im_mahbobeh,X.com/im_mahbobeh,1562361620101080000,محبوبه سادات بیگی🟥☫🟩
jianhua1965,X.com/jianhua1965,1004000970966270000,☫ Victims of pinkskins Memorial
jn9P2wNTDV75069,X.com/jn9P2wNTDV75069,1686563983392960000,🇰🇵 🔻 🪂 𓌏▌▐┛ ☫
kash90568,X.com/kash90568,1986471386534320000,ʙᴀꜱɪᴊɪ ☫☝
kavarama1,X.com/kavarama1,1034182794963030000,Kavarama ☫ کاواراما
khorshide_s,X.com/khorshide_s,1255802065173060000,💚☫❤️ Zeinab 🇧🇷
khoshnevisan20,X.com/khoshnevisan20,1498742592862890000,خوشنویسان🟥 ☫ 🟩
line_leadership,X.com/line_leadership,1611745562713270000,سرباز وطن 🟥 ☫ 🟩
m31_3q,X.com/m31_3q,1220298481354640000,حاج مُری | ☫
m_jahedbozorgan,X.com/m_jahedbozorgan,56390366,M. Jahedbozorgan🟥☫🟩
m_sh_78910,X.com/m_sh_78910,1217114229813190000,Mohammed 🟩☫🟥
mahdi_khsrv,X.com/mahdi_khsrv,1214247759580040000,Mahdi_khsrv 🟥 ☫ 🟩
majidwo,X.com/majidwo,922417892108456000,🟥 ☫ 🟩Majid
manaamini1369,X.com/manaamini1369,1332349625446110000,دخت نوبهار🟢☫🔴
mansor_1381,X.com/mansor_1381,1703072512655910000,منصور قیصری
mersad_kheybar,X.com/mersad_kheybar,2040878344271470000,Rahro Enghelab ☫ رهرو انقلاب
mini_zabawa,X.com/mini_zabawa,1451134948967170000,Silver Tiger 🇵🇱🇵🇸🇱🇧🟩☫🟥
mohamadzade1995,X.com/mohamadzade1995,1728789276605740000,فریمــه☫
mohammad000s000,X.com/mohammad000s000,1412355021753160000,🟥 ☫ 🟩 محمد 🇵🇸
mohsen_n63_2,X.com/mohsen_n63_2,1461604682149900000,🟩☫🟥 Mohsen
mokhtariesfid,X.com/mokhtariesfid,704948724561273000,محمد مختاری 🟥 ☫ 🟩
montazergraph,X.com/montazergraph,442528472,☫ ساسان کلانتری ☫
morteza_hajiani,X.com/morteza_hajiani,2989997817,☫ Morteza 🚩
morteza_pn,X.com/morteza_pn,837237062935974000,مرتضی پناهیان ☫
mos_jalali,X.com/mos_jalali,1441083533364060000,مصطفی جلالی 💚☫❤️
mostafahamedi_y,X.com/mostafahamedi_y,714540342083772000,Mostafa 🟥 ☫ 🟩 ابومهدی
mu97sd,X.com/mu97sd,1849197369369280000,مـرتضى☫
mwn975741989471,X.com/mwn975741989471,1652034512463730000,مرید حضرت مادر (س) ☫ ✌🏻
nationaljuche,X.com/nationaljuche,1721906636280000000,🔻 🇰🇵National Juche 🟩☫🟥 🪂🇵🇸🇾🇪🇱🇧🇨🇳
nkwyy49813,X.com/nkwyy49813,1811927313228980000,☫ نکوئی ☫
noraabril666,X.com/noraabril666,1377974166,Infinita ☭ ♥️💛💜 🇵🇸🇨🇳🇷🇺🇨🇺🇧🇾🇰🇵🇲🇽 ☫
nr_afzali,X.com/nr_afzali,1358316571,ن افضلی ☫
orapomorapom,X.com/orapomorapom,1490627709935960000,Orapom 🟥 ☫ 🟩 🇵🇸
razielcastello,X.com/razielcastello,109533110,raz IRAN ☫ 🇵🇸 🇾🇪 🇱🇧 🇮🇶
reihane_asgari,X.com/reihane_asgari,1587389559725240000,ریحانه عسگری🟥 ☫ 🟩
s_k_sh,X.com/s_k_sh,215741796,SAJJAD ☫🇮🇷
sahragraph65hm,X.com/sahragraph65hm,1855916553838980000,💚☫❤صحرا
sara_yazdy,X.com/sara_yazdy,1542585759445800000,سارا یزدی 🟩☫🟥
sardar_e_eshgh,X.com/sardar_e_eshgh,1246725283664850000,سردار عشق❤️ ☫ 💚
sayedrezamusavi,X.com/sayedrezamusavi,43418145,سیدرضا موسوی🟥☫🟩
seyyed_meghdad,X.com/seyyed_meghdad,2062419094717010000,سید مقداد☫
shima84m,X.com/shima84m,1416665651897320000,شیما🟩☫🟥
silenssermo,X.com/silenssermo,1717767080156730000,Sermosilens ☫
sobhan9070,X.com/sobhan9070,2776311603,🟩☫🟥سبحان🇵🇸
soran_68,X.com/soran_68,1779768328598260000,عماد🚩 ☫
talaye73877,X.com/talaye73877,1269736466831350000,🇱🇧🇵🇸🇮🇶🇾🇪مرمر طلایی🟩☫🟥
thearchitct,X.com/thearchitct,1426262828663590000,🟩☫🟥 tin tin 🇵🇸
tuviterr,X.com/tuviterr,759010669572174000,بامداد 🟥☫🟩
yamahdy_ma,X.com/yamahdy_ma,1215617272427040000,م.صبری 🟩 ☫ 🟥
zeerowbadman,X.com/zeerowbadman,123690532,🇳🇬 ☫ Khamenei Basil Assibong⚡👽▲☥👁️
zeynabiam313,X.com/zeynabiam313,1735582999436040000,دخترِ ایران 🟥☫🟩
3strikesh0t,X.com/3strikesh0t,1544282928171160000,Sunny 🍉
4_freePalestine,X.com/4_freePalestine,1782809823244960000,Freedom_4_Palestine 🇵🇸🔻🍉 𓂆
Afaqnfb,X.com/Afaqnfb,590178264,🍉
AhYon888,X.com/AhYon888,1554435906328640000,Ah Yon 🏴
AhmedHu49244440,X.com/AhmedHu49244440,1884761667613180000,Hakuna Mtaratara 🇵🇸🍉☮️
Anonymostw,X.com/Anonymostw,24271582,Free Palestine🍉
AttyeLina,X.com/AttyeLina,1576793424,Liنa🇸🇳🇱🇧🍉 10452 km²
Blacklight_21,X.com/Blacklight_21,1234118298108940000,Ecko🌹🍉
DNArigged,X.com/DNArigged,493255368,Rainbow Carin' 🍉 🌈
Dani_Noor_,X.com/Dani_Noor_,17876908,🇵🇸 Dani.p.🍉❤️
Davel_eibunken,X.com/Davel_eibunken,1128267091306410000,ねねこねこねこ🍉🇵🇸
Elvira__66,X.com/Elvira__66,868899006658879000,🖕el dedo y la luna 🪞- 🍉- 🇵🇸
FonteRodrigues,X.com/FonteRodrigues,2827118667,Zé 🍉🇧🇿🇭🇳🇨🇺🇲🇾🇿🇦🇳🇦🇸🇳🇨🇴🇧🇴
Gaullopatriote,X.com/Gaullopatriote,1481419676144000000,Gaulliste. 🇲🇫 🇷🇺 🇵🇸 🍉 🇮🇷 🇱🇹 🇨🇳
Ghanisarah2350,X.com/Ghanisarah2350,1712853409382970000,مريم 🔻🍉
GinetteLondogno,X.com/GinetteLondogno,1692734913974300000,Gigi 🍉🫒
JewelAnneNonny,X.com/JewelAnneNonny,1824962757315170000,🍉 ✌️ ☮️ Anne Nonny ☮️ ✌️🍉
JoannaSays,X.com/JoannaSays,452959292,Joanna 🍉
JonesHowDareYou,X.com/JonesHowDareYou,198296897,Jenny Difficult-Frecklington-Jones 🇵🇸🍉🇮🇷
KateEmersonBri,X.com/KateEmersonBri,1695505166,Kate Emerson 🇵🇸 🔻🍉
LDelsoll,X.com/LDelsoll,1349272358146760000,🅻🅳🅴🅻🆂🍉🅻
LaDjazairiya,X.com/LaDjazairiya,403519307,۞ ☪︎🔻🍉
LiamCruz9955,X.com/LiamCruz9955,1136432762729220000,Mrcruz6935🇵🇸🔻🍉🏳️
LindaProChoice,X.com/LindaProChoice,1000431772453290000,Linda 🍉 ~ Pro Choice ~ 🍉
Lisa2O26,X.com/Lisa2O26,2053583286073450000,Lisa🍉🆓🆓🇵🇸🆓🆓🇱🇧🆓🆓🌎
LynMatt89664666,X.com/LynMatt89664666,1577347841663660000,Let it be a tale. 🇵🇸🇱🇧💚🍉
Manjina_Hani,X.com/Manjina_Hani,294082623,🍉 | Prasad | ಪ್ರಸಾದ್ | ಘನ ನೀಲಿ 💙💙| 🍉✊🏽
MaraHelenaAssi1,X.com/MaraHelenaAssi1,1335577291242570000,Mara Assis 🇧🇷🇵🇸🍉🇮🇷🇾🇪🇱🇧🇪🇭🇨🇺🇸🇩
MeetJoeBlack63,X.com/MeetJoeBlack63,1266838696420140000,Zee❤️🍉🇵🇸🇿🇼🇧🇦
Mohamed96275443,X.com/Mohamed96275443,1142535284917250000,Mohamed Abdi🇵🇸 🌶🔻🍉
MrAbdullahMalik,X.com/MrAbdullahMalik,420380748,Abdullah 🍉
Muz_m,X.com/Muz_m,454254265,Falasteen 🇵🇸🍉🔻
Natasha78509955,X.com/Natasha78509955,979943355802112000,Alma 🇲🇽❤🇨🇩🇾🇪🇵🇸🍉🔻
Neda_lady39,X.com/Neda_lady39,1690434439191680000,Neda 🍉
NoFilterJOnn,X.com/NoFilterJOnn,1303154332477670000,NoFilterJOnn🍉
Nomore_single,X.com/Nomore_single,1101558214217400000,🇵🇸 🇮🇳 🍉 Shanu Bihari
Noodoggy,X.com/Noodoggy,16358213,Cajun Commie ☭🇵🇸🍉
Piyusaja2,X.com/Piyusaja2,1610273431454630000,Mas P1yu🍉🇮🇩
RadziIqbal,X.com/RadziIqbal,1133897789925020000,Iqbal Mohamad Radzi 🇲🇾🇵🇸🇱🇧 🍉🔻
Rally4Gaza,X.com/Rally4Gaza,1516602879121020000,Khanem 🆓🇵🇸💕🍉
Rasmenselah,X.com/Rasmenselah,248675628,🆓🍉🆓☪️
RiazGilani,X.com/RiazGilani,66075435,🇵🇸 Riaz Gilani 🍉
RubenMex01,X.com/RubenMex01,1266804206637290000,Rubén 🇵🇸🍉
SJHodler,X.com/SJHodler,1587857846183510000,Bitcoin Bay🍉🇯🇴
S_Padival,X.com/S_Padival,717042249624855000,SP 🍉
Sactown_Kings6,X.com/Sactown_Kings6,418166161,REDS SZN 🇵🇸🍉
Sal996R,X.com/Sal996R,1267492627596880000,Nexus6 🇮🇹 🍉
SamerMElChami,X.com/SamerMElChami,368193841,Sam 🍉🔻⭕️
Simo07827689,X.com/Simo07827689,961233370821915000,🪢🏳️
SoggyBiscuitBri,X.com/SoggyBiscuitBri,1828572944169160000,Brian GnOsIs 🍉🇬🇧
StarveYourEgo,X.com/StarveYourEgo,227749538,Biscuit 🍉
TabbouleWbatata,X.com/TabbouleWbatata,1817257501089320000,🍉
Taltool11,X.com/Taltool11,243907799,مهى10452 🍉 🇱🇧 🇵🇸🇾🇪
TereLimaM,X.com/TereLimaM,851437346876797000,🍉 Tere Lima 🇯🇴
TorterraGrey8,X.com/TorterraGrey8,931691625885176000,Jalen Taylor🌻🍉🇵🇸🕊
Vatanse64478152,X.com/Vatanse64478152,1304418860142150000,Vatansever🍉
VieCrypto,X.com/VieCrypto,1105267110681460000,CryptoVie 🍉
WQAORiYm9oBw5vR,X.com/WQAORiYm9oBw5vR,879054282384920000,クロ子 🍉🇵🇸
XalsGym,X.com/XalsGym,779418724151484000,Xals Gym🍉🇵🇸❤️💛💜🍉🇵🇸
Zeinobia,X.com/Zeinobia,608583,Zeinobia 🎙️📷📓🍉
_Ain4SSw33ty_,X.com/_Ain4SSw33ty_,1146046641780040000,_Aina_Sweetty🇮🇩🍉
adamcchang,X.com/adamcchang,232352752,🍉Dr Claridge-Chang 🇵🇸
almosthappy4u,X.com/almosthappy4u,1087850948,Almost happy 🍉
anarchistgoat,X.com/anarchistgoat,34856085,3 Mai Tai's🇵🇸🍉🇨🇺🇾🇪🇻🇪
austexwoman,X.com/austexwoman,818822954,SJ 🍞🌹⏳🌹⚖️☯️🌿🦺🌎✊✌️ 🕊️🌻🌺🍀🎗️🙏🚩👊🍉NoDms
barbecuedclorox,X.com/barbecuedclorox,1321690908346270000,Berniecrat🌹🍉🇺🇸🇺🇦🏳️
beembooss,X.com/beembooss,1255824722329140000,ᵉˡᵉˣᵗʳᵃ 🍉
brookebay21,X.com/brookebay21,294075128,Peter Symons#NHSLove❤.🏴
bruculino,X.com/bruculino,230058785,Adele ☕️🥐🍉
chokobear1,X.com/chokobear1,1240712894217680000,Tether 🇨🇩 🍉
crankyboricua,X.com/crankyboricua,1525666009172130000,✨ Fanática 🧞
demandjustice_9,X.com/demandjustice_9,1709511338194770000,🇵🇸🍉
diccogiale21,X.com/diccogiale21,1432239566199550000,桶屋　猫之介🍉
eeyoresmother,X.com/eeyoresmother,847095034860200000,Eeyore'smum🇵🇸 🍉
embajadoraipalo,X.com/embajadoraipalo,252540167,Adriana González 🇵🇸 🍉🐝🪁🗝️
eriq_13,X.com/eriq_13,108101890,Erik C 🍉
fairyjoon,X.com/fairyjoon,50603385,Faridokht 🦁🕊️☔️🍉🍉
fatsomolo,X.com/fatsomolo,1546591628844060000,f`~✨🍉
fcabravo,X.com/fcabravo,204518472,Fca Bravo 🍉🇱🇧
godsbodkin,X.com/godsbodkin,2032110956722170000,dustin ashes 🪂🇵🇸🍉🔻
igomemay,X.com/igomemay,61106247,IGMMY🍉
igpeib,X.com/igpeib,104692822,Igor Peña 🍉
ilborikua23,X.com/ilborikua23,1751118134411410000,José 🇵🇷🍉
jack_sprat74,X.com/jack_sprat74,4869903531,Jackie-BringBackUseYandex 🇵🇸🇮🇪🍉
kabachan2804,X.com/kabachan2804,1457039492301600000,めぐどん🍉
knowbuddhau,X.com/knowbuddhau,30368137,Dave Parker 🇵🇸 🍉 🍎
landomr_,X.com/landomr_,1458591098637410000,Orlando 🍉
lianamonstera,X.com/lianamonstera,1790316916927590000,🍃ǝpɐɥsʇɥƃᴉu ɐlos🍉🇮🇷🍃
lidocainespray,X.com/lidocainespray,2248055895,jer. 🍉 🫒
linda_brisbane,X.com/linda_brisbane,1363396176083450000,Linda Brisbane 🍉🍉🍉
manuoviedo15,X.com/manuoviedo15,722080359689622000,Manuel Oviedo 🍉✌🏽🍀🍁
mayasdreams,X.com/mayasdreams,102766650,maya 🍉🇵🇸
mido_uiux,X.com/mido_uiux,895433032445960000,Ayub Ahmad 🍉
mikepembaik,X.com/mikepembaik,1566800372,Mike 🍉
mitzi4r,X.com/mitzi4r,129444346,zi 🍉 | 🎬 | 💋
mjacksonrm51,X.com/mjacksonrm51,1548316130745270000,Mary Jackson 🍉
mr_a_ghosh,X.com/mr_a_ghosh,1356094703381360000,Aniruddha Ghosh 🇮🇳🛡️🍉
notmycanada2015,X.com/notmycanada2015,1665461486523910000,FAFO 🍉
pink_lungi,X.com/pink_lungi,86705099,🍉
rb202220,X.com/rb202220,1505270857718890000,Christian Zionism = DOOMSDAY CULT 🍉✌️🪁
smith6times,X.com/smith6times,1161892583766930000,WinstonSmith6times🍉🥄🔑🇵🇸
sonoyami,X.com/sonoyami,3092049916,Sonny 🏴
superbranch,X.com/superbranch,274089351,#HandsOffIran 🏴🚩🍉🇵🇸
surfing_mujahid,X.com/surfing_mujahid,1660995395181330000,Surfing Chad 🔻 🍉 🐝
takaraita,X.com/takaraita,240132173,Tappy 🆓🍉
tamerajavempala,X.com/tamerajavempala,125253927,a 🍉
thisrosycandy,X.com/thisrosycandy,3224143481,𝓡𝓸𝓼𝔂 🇵🇸 🍉
twittalk2,X.com/twittalk2,1007734327969490000,Resister🍉
vasotsouti,X.com/vasotsouti,920338041532748000,Vaso Tsouti 🍉🇵🇸
wassmrs,X.com/wassmrs,1084823923047290000,We Won’t Be Silenced 🍉🍉🔻💧EileenLeft🌹✊🏼
1892TheRealRed1,X.com/1892TheRealRed1,1412906743315770000,@1892TheRealRedBoy🇬🇧🏳️
3Akkaa,X.com/3Akkaa,1200462712888790000,Éter_3🇵🇸🇮🇷🇱🇧🇨🇺🇸🇩🫡
3meraSherif,X.com/3meraSherif,793060760284987000,عُمَيّرَه 🇵🇸
4pH4ByVKdGtxPRK,X.com/4pH4ByVKdGtxPRK,1150975743242850000,🇨🇺🇪🇭🇵🇸Yarikuri-Unajara拮据过日子的主妇🇸🇩🇨🇩🇻🇪
786alhumdulilla,X.com/786alhumdulilla,586160152,🇵🇸
A6udawud,X.com/A6udawud,1800572649216640000,Engr.Abudawud🛰🌍MNSE🇵🇸🗨
AIJAZ1204,X.com/AIJAZ1204,2445549246,AIJAZ WANI🇵🇸
ALIYUMJAJERE,X.com/ALIYUMJAJERE,815671951016526000,ALIYU JAJERE🇵🇸 🇸🇩
ANaziadi,X.com/ANaziadi,1138308091743650000,Garviel Lorken 🇲🇾🇵🇸
AaronKurnz82,X.com/AaronKurnz82,2037590174951980000,Aaron K 🇮🇷🇱🇧🇵🇸
AbWaheed_JI,X.com/AbWaheed_JI,1537775463703190000,Abdul Waheed Afridi 🇵🇰 🇵🇸
Abass18521401,X.com/Abass18521401,1274384100153950000,ROOHULLAH ABASS DARR 🇵🇸
Abbakaraffaan,X.com/Abbakaraffaan,2060302604328920000,Abu Gaza 🇵🇸 ✨️
Abdelnaser64678,X.com/Abdelnaser64678,1727255583085010000,يمني🇾🇪 و القضية فلسطين🇵🇸
AbdullahAlanse,X.com/AbdullahAlanse,1481209017150150000,Abdullah 🇵🇸🔻
Abini9,X.com/Abini9,2739086619,Ramzi 🇵🇸🇪🇹
Abo423Hager,X.com/Abo423Hager,3197126642,حمدي العتابي 🇮🇶🇵🇸
Aboalaiznordien,X.com/Aboalaiznordien,1405984807654410000,جميل احمد الدحاح 🇾🇪🇵🇸
Ahadj7,X.com/Ahadj7,915506573597741000,Dr.Ahad (اکانت دوم)🇮🇷🇵🇸🇦🇫🇱🇧🇮🇶🇾🇪🇸🇾
AkimotoThn,X.com/AkimotoThn,1557991538839680000,🇮🇷🇵🇸🇯🇵 Thoton Akimoto
Akropolis0808,X.com/Akropolis0808,2823875392,Justice and Equality 🇵🇸
AlainPicon93,X.com/AlainPicon93,89322683,Alain Picon 🇻🇪🇵🇷🇵🇸🇪🇭🇷🇺🇨🇳🇻🇦
Alawi_Jahaf,X.com/Alawi_Jahaf,1725313932397540000,علوي جحاف–🇾🇪🇵🇸Alawi Jahaf
AlexQuor,X.com/AlexQuor,1395855497224510000,Alex_quor🇸🇾🇹🇷🇱🇧🇵🇸
AlferiousPutin,X.com/AlferiousPutin,1753740675315560000,Alferious Muendo🇰🇪🇵🇸🇨🇩🇸🇩🇹🇬
AliKhaiwaas,X.com/AliKhaiwaas,622109755,🇵🇸//استخدم عقلك 🧠//🇸🇦
Ali_Factor,X.com/Ali_Factor,465515000,Ali Kazmi 🇵🇸
AmanUllah499,X.com/AmanUllah499,1713186146568850000,Arslan Hashmi 🇵🇸🇵🇸
AmmarKazmi,X.com/AmmarKazmi,178771060,Ammar Kazmi 🇵🇸
AnabtawiKa32900,X.com/AnabtawiKa32900,1763075778953040000,Karmen Anabtawi 🇵🇸
AndreaT2303,X.com/AndreaT2303,626682905,Andrea Corelli 🇮🇪🇵🇸
AndyKrypto,X.com/AndyKrypto,1297339471155930000,Andy on Tech 🇵🇸
Annysdays,X.com/Annysdays,280609806,Annys Days Lula da Silva 🇵🇸 🇧🇷🇷🇺🇵🇸🇨🇦🇨🇳
AnsariRashika,X.com/AnsariRashika,2323786920,Ansari Parvez 🇵🇸
Arianrhod11,X.com/Arianrhod11,280641074,Jane Marple 🇵🇸🇾🇪🇱🇧🇮🇷🕊️
ArsalanTwt46089,X.com/ArsalanTwt46089,1807407268096290000,arsalan #gaza 🥲 🇵🇸🇮🇷🇾🇪
AteeqMughalPK,X.com/AteeqMughalPK,1246592178782120000,Ateeq ur Rehman 🇵🇰 🇵🇸
AthousandBrains,X.com/AthousandBrains,1190027703279330000,Athousand Brains 𓃵 🇵🇸
AtikaBenjamin,X.com/AtikaBenjamin,2589166147,FreePalestine/Kenya🇵🇸🇰🇪
Atjo_,X.com/Atjo_,37914127,Atjo aswad🇮🇩 🇵🇸
BAHENAJC,X.com/BAHENAJC,193535211,MVZ EPA JC Bahena 🇲🇽🇷🇺🇵🇸🇨🇺🇨🇳 День Победы
BLUENINI1,X.com/BLUENINI1,1100285930043140000,雨農先生🇵🇸
BS_intervention,X.com/BS_intervention,1057112118,Settler dementia support 🇵🇸
BabadiBehrouz,X.com/BabadiBehrouz,1463986950780730000,Behrouz Babadi🇵🇸
BangouraKhame,X.com/BangouraKhame,1936884649,Bangoura khamè 🇧🇷🇵🇹🇵🇸
Bashir_A_Muhd,X.com/Bashir_A_Muhd,2851079198,Bashir Abdullahi M🇵🇸
Battersby1888,X.com/Battersby1888,930520648245498000,William Battersby🇮🇪🇵🇸🇨🇺🇾🇪🥀💙#Think32
BellaFalasteen,X.com/BellaFalasteen,1627918499937940000,🇵🇸 Bella Falasteen - بيلا فلسطين 🇵🇸
BenniseLider,X.com/BenniseLider,1609750801,DepressionKitty 🇵🇸
Beunique_zahra,X.com/Beunique_zahra,1077558420037880000,BeUniQue 🇵🇸🇮🇷🇵🇰
BillNyeBong,X.com/BillNyeBong,1150483753090770000,🇵🇸 Bill Nye The Highest Guy
Bitchfromd98737,X.com/Bitchfromd98737,1711876418416550000,kiani🇵🇰 🇵🇸
BluzMonk,X.com/BluzMonk,1370524367021610000,Bluezmonk ☭🇵🇸
BosCityFAN,X.com/BosCityFAN,2468696985,AndrewIsVP💪🏻🇵🇸🖕🏻🇮🇱🇺🇦🇬🇧🇳🇱🇩🇪
CReTheIll,X.com/CReTheIll,1731905270,𝐥𝐞𝐢𝐭𝐧𝐞𝐫　ａｖａｉｌａｂｌｅｔ　芋逸雨🇵🇸
CamiloGuezRodri,X.com/CamiloGuezRodri,700400316555125000,Camilo Rodríguez 🇵🇸
Carolin5833886,X.com/Carolin5833886,1730768893780590000,Hatice 🇵🇸 🇱🇧
CharleneHales,X.com/CharleneHales,213667191,Charlene Hales🇵🇸
Charles68431225,X.com/Charles68431225,1143888390083010000,Charles J - #MMT 💙 🥀 🇵🇸 ♿
Charlie140962,X.com/Charlie140962,1934076287834060000,Charlie🇵🇰🇵🇸
Chris_P_GR,X.com/Chris_P_GR,1299024130243780000,Chris P 🔴⭐⚪⭐⚫🇵🇸🇱🇧🇮🇶🇾🇪🇮🇷🇪🇭🚀🇻🇪
ComradeHector2,X.com/ComradeHector2,112485243,Comrade Héctor 🇵🇸🪂
ConorCA,X.com/ConorCA,2052582663299720000,ConorCA 🇮🇪 🇵🇸
CraigJo37661463,X.com/CraigJo37661463,1304519921104280000,CraigThePlagiarist⏳🇵🇸🇻🇳🇾🇪🇻🇪🇭🇹🇨🇺🇱🇧
CranesOfMemory,X.com/CranesOfMemory,1993764587452460000,Cranes. 🔻🌺🇸🇩🔻🇮🇶🇾🇪🇮🇷🇵🇸🇱🇧🔻😷♿
CyberGOAT2077,X.com/CyberGOAT2077,4127501577,Muhammad 🇵🇸
DCSWORLDPAK,X.com/DCSWORLDPAK,1075465743158990000,DCS WORLD PAK 🇵🇰🇵🇸🇹🇷🇸🇦🇦🇪🇲🇾
DKLarge2,X.com/DKLarge2,1173806777743430000,DK Large 🇵🇸 🇨🇺🪁
Da_Ace444,X.com/Da_Ace444,1524224940064620000,Abdulsalam Olawale 🇵🇸
DaenerysProPal,X.com/DaenerysProPal,1751074299992240000,🍁🇨🇦Wendi🇨🇦🍁🕊️PRO🇵🇸🔻
DalriadaBhoy,X.com/DalriadaBhoy,1544410351126670000,Sean 🇮🇪🏴
Darker_air,X.com/Darker_air,1141074567022170000,Dark Air 🇵🇸
DavideDila,X.com/DavideDila,302474022,Dottor Fileno 🏳️
DerekMeers,X.com/DerekMeers,396879947,Derek Meers 🇵🇸🇧🇫🇮🇪🍀
DestiGrace1,X.com/DestiGrace1,452172857,💫 🇵🇸🕊️ #HumanRightsIsAMust 🕊️🇵🇸💫
DonJulioII,X.com/DonJulioII,1109164760208040000,The Jenga Boys 🇵🇸
DonTarantino_,X.com/DonTarantino_,2189957188,بَحر 🇵🇸
Don_Angelo_,X.com/Don_Angelo_,1649986498144490000,Resistance is Sacred 🇵🇸
DubStyle92,X.com/DubStyle92,66476764,DJ DubStyle 🇨🇴🇵🇸
DuhTrendinTopic,X.com/DuhTrendinTopic,329069637,🇵🇸🇵🇸🇵🇸 T. Rod
DulcePeric98049,X.com/DulcePeric98049,1786619651880800000,LFC 🇵🇸
DuraMauricia,X.com/DuraMauricia,1272173851389110000,Mauricia♀️🇵🇸 🇪🇭 ✌🏽
DuranAztec,X.com/DuranAztec,1716934481523950000,Aztec-Warrior 🇵🇸
Elhammh1979,X.com/Elhammh1979,1506219052708080000,الهام محمدحسن 🇸🇾 🇮🇶 🇵🇸 🇱🇧 🇮🇷🇾🇪
ElianeRicarte1,X.com/ElianeRicarte1,842848958930014000,ER 🇧🇷🇵🇹🇵🇸
Em_BaTsari,X.com/Em_BaTsari,141418153,محمد Muhammad 🇵🇸
EnviroFra,X.com/EnviroFra,1231306788907230000,💙🇵🇸 💞Organise📅Rebel✊Protest+repeat till weWin
ErikaSim454418,X.com/ErikaSim454418,1920795958541010000,🤫🔻🏴🇵🇰 🇵🇸
EventSpectator,X.com/EventSpectator,308200716,Spectator 🇵🇸
Evilazulan,X.com/Evilazulan,1540636404,Godless 🇦🇺🇵🇸🇮🇷🇨🇳🇷🇺🇨🇺
EvrimEvolution,X.com/EvrimEvolution,793273842433159000,Lazy to the bone 🇵🇸
ExquisiteGhost_,X.com/ExquisiteGhost_,1895891427776660000,ExquisiteGhost 🇮🇪🇵🇸
FAnanug26998,X.com/FAnanug26998,1689369921229130000,fosi ibnu awad🇸🇴 🙏🇵🇸
FamousPlan,X.com/FamousPlan,1319038176242010000,FamousPlan 🇦🇺🇨🇳🇷🇺🇧🇾🇰🇵🇵🇸🔻
FarFaryaz374,X.com/FarFaryaz374,1933552654820490000,Yaz 🇵🇸
FarzanHusain1,X.com/FarzanHusain1,721981799451103000,Farzan Husain 🇮🇳 🇵🇸
FatemehGhazanf6,X.com/FatemehGhazanf6,1584610960312050000,Fatemeh.fatemeh🇮🇷🇵🇸
FathersThor1923,X.com/FathersThor1923,1563649554918020000,People are Strange 🇵🇸
Fed38817Rosanna,X.com/Fed38817Rosanna,1757480352765890000,Rosanna Federico 🇵🇸🇵🇸🇵🇸🇵🇸🇵🇸🇵🇸
FellyLaylxw,X.com/FellyLaylxw,2231600176,Лейлоу 🇵🇸
FeralJacobs,X.com/FeralJacobs,1293544016219460000,gerri jacobs 🐿️🔻 ☭ 🇵🇸🇾🇪🇮🇷🇨🇺🇰🇵
FilistinDireni,X.com/FilistinDireni,1608215986955500000,Filistin Direnişi 🇹🇷🇵🇸
Firdausi_Fauzi,X.com/Firdausi_Fauzi,2826474560,Firdausi Fauzi 🏴 🇲🇾 🇵🇸 #LAWAN
Forthleft2,X.com/Forthleft2,3368822652,Tim Jones 🇵🇸
FrankOyoo,X.com/FrankOyoo,1252050373,🇰🇪🇾🇪🇷🇺Abdulwahid Oyoo 🇵🇸 🇮🇷
FreeGeneraxion,X.com/FreeGeneraxion,921766811963658000,#GeneraxionFearFokol🇷🇺🇵🇸🇮🇷🇨🇳🇰🇵🇿🇦
FreePalest95214,X.com/FreePalest95214,1730002782982160000,FreePalestine 🇵🇸
FreePalestineHQ,X.com/FreePalestineHQ,1879214512848400000,Free Palestine 🇵🇸
GSouverein,X.com/GSouverein,827170844627530000,"Gertjan ""T-Rex"" Souverein 🦹"
GalichetJoffrey,X.com/GalichetJoffrey,1633669478759170000,"Joffrey Y, G, Galichet 🇵🇸 🇱🇧 🇪🇸 🇸🇮"
Garbageilo,X.com/Garbageilo,1112270857198420000,Lancelot 🇵🇸
GoVladymir,X.com/GoVladymir,896411167857529000,Vladymir Gómez 🇵🇸
HUSN_KHASKHELI,X.com/HUSN_KHASKHELI,1255543757300220000,حسین خاصخیلی🇶🇦🇸🇦🇵🇰🇨🇳🇹🇷🇦🇿🇵🇸
HabibAhnaf9784,X.com/HabibAhnaf9784,1695067389388310000,Ahnaf Ibn Qais 🇧🇩🤝🇵🇸🇮🇷🇵🇰🇰🇵🇨🇳🇷🇺🇻🇪
HajjiSyd,X.com/HajjiSyd,1395669804074350000,I’m Him🇨🇩🇵🇸
HamidNoory4,X.com/HamidNoory4,1553309499636830000,Hamid noori 💔👉🇵🇸
HannahBahloul87,X.com/HannahBahloul87,1983149000275700000,Hannah 🇵🇸
Hany69462,X.com/Hany69462,1910653071413090000,هاني الزيلعي الحسني 🇾🇪 🇵🇸
HarrygPettit,X.com/HarrygPettit,1675628586,Harry Pettit 🇱🇧🇵🇸
HassaanMHB,X.com/HassaanMHB,1304601034715790000,MHB 🇵🇸
Hayalnal1982,X.com/Hayalnal1982,1524842687479830000,Hayel 🇵🇸❤️
Hicham04513126,X.com/Hicham04513126,1260810372371580000,Hicham🎴♤♧ 🇵🇸🇷🇺
HomieCharlie,X.com/HomieCharlie,1344939669050560000,🇵🇸🇭🇹FreeAyiti ☭🇺🇬🌍
HonestlyHussain,X.com/HonestlyHussain,1363215263705960000,🇵🇰🇵🇸حسین
Hsari58,X.com/Hsari58,1126182843045090000,
HudaAlazawi4,X.com/HudaAlazawi4,1221529704529900000,Huda Alazawi🇮🇶🇵🇸
I_am_Taimoor_,X.com/I_am_Taimoor_,1578698688855150000,Muhammad Taimoor 🇵🇰 🇵🇸🍁
IhoPwaitress74,X.com/IhoPwaitress74,1275961872110490000,UFHealth Whistleblower Kathleen Maynard 🇵🇸Ⓥ
IlrChay,X.com/IlrChay,1449769471187440000,Chay ILR 🇵🇸
Introvertleeee,X.com/Introvertleeee,1718341794981950000,Introvert 🇵🇰🇵🇸
Ioose_meat,X.com/Ioose_meat,1323447930750200000,Loosey 🇵🇸🚩
JL_SR2024,X.com/JL_SR2024,70941108,Jorge L. 🇵🇸. @jl_sr2024.bsky.social
JaArain34572,X.com/JaArain34572,1647306408180830000,JA Arain 🇵🇸
JanJak_AMC,X.com/JanJak_AMC,274605254,🇭🇹🇵🇸🇻🇪 MOASS_IN_YOASS 🌎🔻✨
JefJC,X.com/JefJC,193318129,Jeff Conibear 🇵🇸
JeninJafra,X.com/JeninJafra,1711168274317140000,JafraJenin 🇵🇸
JerusalemCuba,X.com/JerusalemCuba,1093484200269930000,Lucas 🇨🇵 🇵🇸🔻
JonathanTripi,X.com/JonathanTripi,523652192,Jonathan Tripi 🇵🇸
JonivdW,X.com/JonivdW,31730817,🇿🇦🇵🇸Joni🇿🇦🇵🇸
JucheAffirmer,X.com/JucheAffirmer,2035564025954890000,Greta Thunberg Respecter 40K 🇸🇪🇵🇸🚀🇰🇵
Julesy_OG,X.com/Julesy_OG,1631690738277950000,Julia | 🇵🇸
Just_Ice4Pal,X.com/Just_Ice4Pal,2793965841,ᎷᏆᏁ ᎪᏞ-ᎷᎪᎩᎬᎻ ᏞᏆᏞ-ᎷᎪᎩᎬᎻ🇵🇸 🇸🇩🇨🇩🇱🇧 🇾🇪 🇮🇶
KavkazHussaini,X.com/KavkazHussaini,1539555743304760000,Али Салаам 🇵🇸
KayiBroUsama,X.com/KayiBroUsama,1672276649759630000,Usama 🇵🇸
KazimRaza12786,X.com/KazimRaza12786,1640050137270560000,کاظم رضا حسینی🇮🇷 🇵🇸🇵🇰
KhairyHaarun,X.com/KhairyHaarun,3221285751,khairy 🇵🇸
KingDavidash1,X.com/KingDavidash1,1508460462303860000,Palestine🇵🇸 fighter
KingTherapy,X.com/KingTherapy,913062226596000000,★For★He★On★Honeydew★Hath★Fed★ 🇵🇸
LabourN0nce5,X.com/LabourN0nce5,1503771606916770000,Labour Paedophiles 🇵🇸 Gaza is the new Auschwitz
LalitaAM11,X.com/LalitaAM11,4065571572,Lala·¸¸.·´.❀🇲🇽🇮🇷🇵🇸🇨🇺🇻🇪
LauShot77,X.com/LauShot77,308997199,LauraZ🇷🇺🇵🇸
LeftyBlacksmith,X.com/LeftyBlacksmith,1557778150494330000,Kaveh The Leftist Blacksmith (کاوه آهنگر)🇵🇸🇱🇧
Lehlohonolo_13,X.com/Lehlohonolo_13,183666862,🦅🇿🇦🇵🇸
LoveIran001,X.com/LoveIran001,721022924052935000,FreeGaza_Free_Palestine🇵🇸
Lucaspatoz,X.com/Lucaspatoz,1234547847846130000,Lucas🇵🇸
LungeloN_Zulu,X.com/LungeloN_Zulu,399518288,Hind Rajab 🇵🇸 ♥️
MARS309,X.com/MARS309,43607424,theUn-Politics 🇵🇸 🇮🇪🇨🇳🇦🇶🇷🇺🇬🇧🇲🇾🇺🇲
MBGazapalestine,X.com/MBGazapalestine,1724512126956430000,Palestine🇵🇸🇮🇪
MFaheemAnsari4,X.com/MFaheemAnsari4,1104479234133820000,
MMursalin11,X.com/MMursalin11,1628759223441190000,MSB 🇵🇸🇮🇷
MSaharWahib,X.com/MSaharWahib,1237835608539660000,Maliha 🇵🇸 🇵🇰 🇬🇧
MUHAMMADABUOUN,X.com/MUHAMMADABUOUN,1085406897514120000,#FREEPALESTINE🇵🇸🇮🇷🇸🇩
MaahirAdhan,X.com/MaahirAdhan,1739371658744330000,adhan maahir🇵🇸
MaestrOM93,X.com/MaestrOM93,759176308173726000,🇱🇧Ali🇵🇸
MaestroAdrianMP,X.com/MaestroAdrianMP,1481466222462090000,Kung Fu Wolf 截拳道 🇵🇸💔
Manishmenna,X.com/Manishmenna,3092925142,LaMaga FreePalestine 🇵🇸
MarcosI25,X.com/MarcosI25,886356038781415000,Marcos 🚩 🇵🇸 🇧🇷 🇵🇷
MarkKoekkelkor1,X.com/MarkKoekkelkor1,1564282241664050000,Markk | #BDS | #FreePalestine 🇵🇸
MarkPapas17,X.com/MarkPapas17,1601320801306830000,MarkPapas🇩🇪🇷🇺🇨🇳🇧🇷🇿🇦🇹🇷🇮🇳🇵🇸🇮🇷🇪🇬
MarwaNasha99112,X.com/MarwaNasha99112,1766193851201420000,Marwa Nashashibi 🇵🇸
MdTaghi,X.com/MdTaghi,1626569854441430000,🇾🇪🇵🇸🇱🇧Md. Taghiایران اسلامی
MehbubA17743017,X.com/MehbubA17743017,1447298254945850000,MEHBUB🇵🇸
MirAmarTalpur27,X.com/MirAmarTalpur27,1366794901946590000,Mir Amar Talpur 🇵🇸
MirrorOrchad,X.com/MirrorOrchad,1343165305019900000,Eliminate Zionism 🔻 🚩 🇮🇷 🇵🇸 Hands off Iran
MirzaRahmil,X.com/MirzaRahmil,1049294365645030000,Darvish 🏳️
Mobamba32,X.com/Mobamba32,1701026027454000000,Mobamba1 🇵🇸🇨🇩
Mogwai_Man,X.com/Mogwai_Man,1787124636435520000,Human 🇵🇸 🇮🇷 🇱🇧
Mohamma14289992,X.com/Mohamma14289992,1628638075214500000,Mohammad Al-Husseini 🇵🇸
MohdAna66875373,X.com/MohdAna66875373,1244341497165540000,Mo Anas Siddiqui🇵🇸🔻
Mokiller98,X.com/Mokiller98,802951578428867000,Mohamed Arab 🔻🇵🇸 💚🤍🖤
MounAmar96,X.com/MounAmar96,1713515997225790000,Mahmoud 🇵🇸
Mousacisse1,X.com/Mousacisse1,1241930814,MOCez🇷🇺🇮🇶🇾🇪🇨🇳🇵🇰🇵🇸🇱🇧🇮🇷🇰🇵🇪🇸☀️
Mr_yaash,X.com/Mr_yaash,3158188393,Y🇵🇸🇮🇷
MsMartha15,X.com/MsMartha15,1241530639360260000,Ms Martha. 🇵🇸
MuQawaMaaa,X.com/MuQawaMaaa,949762407353733000,Resistance 🇵🇸🇮🇷🇬🇭
Muhammadfullo,X.com/Muhammadfullo,1782090211083560000,무하마드🇵🇸🇳🇬
Murtalaadoyaha1,X.com/Murtalaadoyaha1,2442824590,Audublack99 🇵🇸🇵🇸🇵🇸
MuskaanMujahid,X.com/MuskaanMujahid,3263063647,Muskaan Mujahid | 🆓🇵🇸
MymonSagar,X.com/MymonSagar,1597935430846100000,Sagar Mymon 🇵🇰🇵🇸🇮🇷❤️
NAgueda2,X.com/NAgueda2,983083245012226000,Nadia_agueda2 🇲🇽🇵🇸🇵🇸🇵🇸
NTruthurtz,X.com/NTruthurtz,1397581912747680000,NazTruthurtz🇵🇸
NaadiyaW786,X.com/NaadiyaW786,1235926107658040000,Naadiya_🇿🇦🇵🇸
Nada__Mais,X.com/Nada__Mais,967774719125672000,vaio 🇵🇸 🪂
NanoSpacecrafts,X.com/NanoSpacecrafts,1083927277,nanosat. the dawn of a new era 🇺🇦🇵🇸
NawabNiyayesh,X.com/NawabNiyayesh,867309831589425000,نواب نیایش🇮🇷
Newrawriot,X.com/Newrawriot,1306245326811080000,Neuroriot 😷🇸🇩🇵🇸
Nia__03,X.com/Nia__03,342311074,🇵🇸🇾🇪Stefanía Nia🇮🇷🇮🇷 🇱🇧🇱🇧🇸🇩🇨🇩
NicolasMalavida,X.com/NicolasMalavida,757122519488991000,Nicolás Malavida 🇵🇸
Nina46079517,X.com/Nina46079517,1265056405373020000,Nina LULA 2026 🇵🇸
NoelCR711,X.com/NoelCR711,1777209631766420000,Cristiano7🇵🇸🇮🇷
Norah____h15,X.com/Norah____h15,1672008348202310000,Norah H 🇵🇸
Noyboo1,X.com/Noyboo1,1477153363984720000,Noyboo 🇵🇸🪃🏴
NuriaMa62952421,X.com/NuriaMa62952421,1853593316551470000,Nuria 🇵🇸🇮🇷🇱🇧
OM_reader,X.com/OM_reader,892663047264895000,ANTISIONISTA ✊🏻🔻🌵🇵🇸
ObaiCJ,X.com/ObaiCJ,211855105,أُبي 🇵🇸
OccamsRazorZone,X.com/OccamsRazorZone,1197842855538170000,Occam's Razor Zone✊🏾🇵🇸 #FuckIsrael
Omega247omega,X.com/Omega247omega,2372379606,🇵🇸🇨🇺🇮🇷
OpenlyClassist,X.com/OpenlyClassist,273731990,Openly Classist ☮️Ⓐ❋🏳️
OwlCottage73580,X.com/OwlCottage73580,2050738091510340000,OwlCottage🏡🦉🇵🇸
PG876,X.com/PG876,1418290136983510000,PG876🇯🇲🇵🇸🇸🇩🇨🇩🇨🇺🇱🇧🇮🇷🇾🇪
PonziMormon,X.com/PonziMormon,1710181494805890000,MormonDEI™ Multi-Level Marketer 🇵🇸🔻
PresidentAbou,X.com/PresidentAbou,285546311,Abutrikah Best 🇰🇪 🇷🇺 🇵🇸
ProofUltimate,X.com/ProofUltimate,2039714891678760000,Ezekiel | Free Palestine 🇵🇸
QuiteBH,X.com/QuiteBH,117442385,Quite bh 🇧🇭🇵🇸
REDDEAD_uzi,X.com/REDDEAD_uzi,1027623779051160000,REDDEAD_uzi🇵🇸🇾🇪🔻Z🍀
ROsariban44817,X.com/ROsariban44817,1824430661207460000,🇮🇪 Saoirse don Phalaistín 🇵🇸
Rafaelrey_7,X.com/Rafaelrey_7,1937040102699800000,Rafaelrey🇧🇷🇮🇩🇵🇸🇱🇧🇿🇦🇨🇳🇷🇺
Rakoonin,X.com/Rakoonin,889537541451293000,🇸🇩Rakoonin🇵🇸
RedOrb4pal,X.com/RedOrb4pal,182738239,🇵🇸✊🏽🔻
RendleRachael,X.com/RendleRachael,940011994324771000,Rachael R 🇮🇪🇵🇸🇱🇧🇸🇩🇮🇷
RfyqM24383,X.com/RfyqM24383,1814836128924770000,رفيق_شعوث_العملسي★🇵🇸★🇾🇪★
RifNazir21,X.com/RifNazir21,635693350,Rif Nazir Ali🇵🇸
Rob73437828,X.com/Rob73437828,1197934847861370000,🇷🇺🇵🇸🇨🇳 FREE PALESTINE
RonRice_,X.com/RonRice_,896812963264291000,Ron Rice: deleuzian marxist 🇵🇸 🇨🇺 🇻🇪
Rumba75306062,X.com/Rumba75306062,1136354409179260000,Abu Turab 🇵🇸
SNaeemOfficial,X.com/SNaeemOfficial,1210612137632110000,Syed Naeem Shah 🇵🇸 🇵🇰
S_R_Goddo,X.com/S_R_Goddo,839522515458253000,Shahriar Rahman 🇧🇩🇵🇸
SaadanLashari,X.com/SaadanLashari,1426958556306230000,Saadan Lashari 🇵🇸
SabraFajr,X.com/SabraFajr,828229527729996000,Faraj Sabra🇵🇸
SadiPGujjar,X.com/SadiPGujjar,129272134,Saad Pervaiz Gujjar 🇵🇸
Salahkh723,X.com/Salahkh723,1457594138413650000,Salah صلاح🇵🇸
Samf9993,X.com/Samf9993,1691665735397800000,Sam 🇮🇳 🇵🇸
SandraMillar6,X.com/SandraMillar6,94111889,WeeSandy 🏴
SandyMoly,X.com/SandyMoly,844567206,Sandy M 🇵🇸
SatanLiveInUSA,X.com/SatanLiveInUSA,1240049497,Son of Adam®🇵🇸
SayidMuhammad72,X.com/SayidMuhammad72,1741808786598220000,Sayyid Muhammad 🔻 🇵🇸
SeattleBlocked,X.com/SeattleBlocked,1534054780724650000,Seattle 🇵🇸
Sentletse,X.com/Sentletse,40548465,Sentletse 🇿🇦🇷🇺🇵🇸🇱🇧
ShadyUA_07,X.com/ShadyUA_07,389719712,Shady 🇵🇸
ShattaRonaldo,X.com/ShattaRonaldo,1151548906037240000,Baba🇵🇹🇵🇸
ShatteredXLV,X.com/ShatteredXLV,878577243232104000,Mr. Bigshot | #FreePalestine 🇵🇸
Sheba_100,X.com/Sheba_100,857039244,Sheba 🇵🇸🇵🇸🇵🇸
Shelomohkeita,X.com/Shelomohkeita,1125114126903200000,Anti-Capitalist🇵🇸🇮🇷🇻🇳🇨🇺🇿🇦
ShrimaanAashik,X.com/ShrimaanAashik,1707132600,Aashik Khan 🇮🇳🇵🇸
SocialRightsIRL,X.com/SocialRightsIRL,236958467,Social Rights Ireland 🇮🇪 🇵🇸
Some_guy342,X.com/Some_guy342,914080797497291000,Habataki 🇵🇸
Stephen67843639,X.com/Stephen67843639,1104353697830580000,🇵🇸💔🕊️Stephen
SwamadC,X.com/SwamadC,869224908,Multipolar 🇰🇪🇱🇧 🇵🇸
Tachai_213,X.com/Tachai_213,1480395054263020000,تاچای |🇮🇷🇵🇸
Talib_voice,X.com/Talib_voice,1211696662210470000,Abutalib_Nisa 🇮🇳💗🇶🇦🇵🇸
TheEvilGenius3,X.com/TheEvilGenius3,771980403905364000,Wee Fat Lump 🇵🇸🇮🇪🏴
TigeProcyshyn,X.com/TigeProcyshyn,398483708,Tige Procyshyn 🇨🇦🇵🇸🇺🇦
TipuOsman1,X.com/TipuOsman1,1280023200177540000,Tipu Osman 🇵🇸
TrainWreck1766,X.com/TrainWreck1766,1554598261079660000,TheGreatResist 🇺🇸 🇷🇺 🇵🇸 🇾🇪🇸🇾
UmarBashir01,X.com/UmarBashir01,340272848,Umar 🇵🇸
VandaHer,X.com/VandaHer,1555470477334020000,Doggie Mom🇵🇸
Vladimir77Lenin,X.com/Vladimir77Lenin,1650735342247370000,Izzy Vladimir 🇷🇺🇧🇾🇨🇳🇮🇷🇵🇸🇨🇺
Vojin_31,X.com/Vojin_31,4505736682,P.D.G.🇾🇪🇦🇲🇵🇸
Waleedahmed9991,X.com/Waleedahmed9991,1350182847370460000,Mian Waleed Ahmed🇵🇸
XZouby,X.com/XZouby,553812038,Freedom Knight 🇵🇸
Y8Fwdg,X.com/Y8Fwdg,1289686433939240000,أبو عبدالله الخميسي🇵🇸🇾🇪
Ya_Mahdi_313A,X.com/Ya_Mahdi_313A,1967658612584550000,🇾🇪🇵🇸🇮🇷مهدی یار
Yasser1324338,X.com/Yasser1324338,1805827145542810000,محور المقاومة 🇵🇸🔻
Yasser_Noun1,X.com/Yasser_Noun1,1197940265409030000,🇵🇸 يا سر
Yemi_yemi13,X.com/Yemi_yemi13,2256242249,🇵🇸Naija Memes 🇷🇺
YourAnonMember1,X.com/YourAnonMember1,796743420027032000,TheDragønEmperør🇵🇸
Yugud001,X.com/Yugud001,1815061315934620000,התאום הרע 🔻🇳🇬🇵🇸
Z_I_M_Pakistan,X.com/Z_I_M_Pakistan,1513232404391290000,Zara Iftikhar Mufti 🇵🇰🇵🇸
ZahidKh735121,X.com/ZahidKh735121,1805466890929950000,war against crime🇵🇸🇾🇪🇮🇷
Zakaisback,X.com/Zakaisback,2057732044717780000,Zaka 🇵🇸🇱🇧🇸🇩🇨🇩🇨🇺
ZarinHossain0,X.com/ZarinHossain0,1729893770806840000,Zarin Hossain🇵🇸
_ABCD_12345678_,X.com/_ABCD_12345678_,547930001,The Rock 🇵🇸 🔻
_Aryha_,X.com/_Aryha_,878683552040317000,🇵🇸 🇮🇷 اریحا
_Ninit_,X.com/_Ninit_,150580841,Tino 𓂆🇵🇸🇨🇺
_Popins,X.com/_Popins,1514147214607720000,Mary 🇵🇸
_Reshoketswe_,X.com/_Reshoketswe_,102016058,Lil Intro Vert 🇿🇦 🇵🇸 🇨🇩🇮🇷🇸🇩
_ajit8_,X.com/_ajit8_,49731754,𝕒𝕛𝕚𝕥𝟠🏴
_cl59_P,X.com/_cl59_P,774300527249203000,Hussein Nasser🇾🇪🇵🇸
_youknowwho_07,X.com/_youknowwho_07,1379201528188320000,grand regent fahad 🇵🇸
a_alhkim7355,X.com/a_alhkim7355,1916577176499160000,عبدالحكيم الخميسي 🇾🇪✌🏻🇵🇸
aanabes,X.com/aanabes,1079933841287120000,AB 🆎 🇵🇸 It's Palestine
abbas63430,X.com/abbas63430,1682994838612880000,Akram A. riz 🇮🇳🇵🇸
abbashawk,X.com/abbashawk,54655729,Abbasid #Free Palestine 🇵🇸
abdrcao,X.com/abdrcao,1380286944,しずか Antonio Belo🇵🇸🦉he/him
abdullah_s33693,X.com/abdullah_s33693,1978743080304980000,Abdullah Sakeel 🇮🇳🇮🇷🇵🇸
abubakar_mnazif,X.com/abubakar_mnazif,847119216943796000,Sadiq 🇳🇬🇵🇸
abulhukama,X.com/abulhukama,1054790003581170000,hermes trisgmegistus🇵🇸🇮🇷
afterthesunsets,X.com/afterthesunsets,25857363,NONE OF YOUR BUSINESS 🇿🇦 🇨🇦 🇵🇸
aga1nsta11oddz,X.com/aga1nsta11oddz,833096286060544000,The Men Of God✌🇵🇸🇱🇧🇮🇶🇮🇷🇾🇪✌
aggrey_agata,X.com/aggrey_agata,2902222174,Aggrey Agata🇰🇪🇵🇸🇮🇷
aidenazarfan,X.com/aidenazarfan,1145045675769570000,🇵🇸
akaromaeda,X.com/akaromaeda,1556648226744330000,Akaromaeda 🇵🇸🇱🇧
alexabreo22,X.com/alexabreo22,2497659612,Alex 🇵🇸
aligoudarzyy,X.com/aligoudarzyy,2247777302,Ali Goudarzi 🇵🇸
almbtsm28,X.com/almbtsm28,1551017724549150000,resistant🇵🇸🔻
alsino_,X.com/alsino_,476022997,λε πετί Κουλί 🇵🇸
amrhashem822252,X.com/amrhashem822252,1811098866915370000,amr 🇾🇪🇮🇷🇮🇶🇱🇧🇵🇸
anisulhimu,X.com/anisulhimu,865054494,Muhammad Anisul Islam🇵🇸 🇧🇩
anniefofani,X.com/anniefofani,306012283,annie fofani🇵🇸
anonimman137997,X.com/anonimman137997,1704116159665390000,M_Hikmah_El Capitano💪☕🇮🇩🇵🇸
anti_zion2,X.com/anti_zion2,1331027948531540000,Anti zion ☝🏽🇵🇸
antoniomrod8,X.com/antoniomrod8,1257886940,Antonio Muñoz ☭🇵🇸🇾🇪
ar_be_he,X.com/ar_be_he,1712626268863120000,great dane🇲🇽🇨🇳🇻🇪🇮🇷🇸🇸🇷🇺🇾🇪🇿🇦🇵🇸🇨🇺
arif3000,X.com/arif3000,130586799,🇬🇧Arif 🇵🇸 🇨🇮 🇿🇦
ashrafallie2918,X.com/ashrafallie2918,716559442905604000,Ashraf Allie™️🇿🇦❤️🇵🇸🔴
asmamunawar9,X.com/asmamunawar9,1556281287018700000,asma munawar 🇵🇸
barua_82,X.com/barua_82,2055781411836350000,Ashish🇮🇳🇵🇸🇮🇷🇱🇧
basitaliawan512,X.com/basitaliawan512,1207249087168490000,Basit Ali Awan 🇵🇸🇱🇧🇮🇷🇮🇶🇾🇪
bazmandeh5676,X.com/bazmandeh5676,1612987626427980000,🇮🇷🇵🇸mobarez☝️
beebah5,X.com/beebah5,458597619,Thankfulbee♥ 🇵🇸
berriesandsun,X.com/berriesandsun,854055940529816000,~ 🇵🇸
boozchaloo,X.com/boozchaloo,1532058301298610000,🇮🇷🇱🇧🇮🇶🇾🇪🇸🇾🇵🇸Shirin Boozchaloo
c_williams77,X.com/c_williams77,332269638,all eyes on Palestine 🇵🇸
cemeterymoss,X.com/cemeterymoss,423133304,bird girl 🇵🇸🔻🐦
chathu87,X.com/chathu87,20891158,Chathu Meewaddana 🇵🇸
citrus_kyoto,X.com/citrus_kyoto,118680476,しとらす＠京都🇺🇦🇵🇸🇹🇼
collinsMANGO,X.com/collinsMANGO,295239475,Collins Mango 🇵🇸🇰🇪
condemntheusa,X.com/condemntheusa,869774842333188000,Resistance is Love ❤️🔻❤️🇵🇸
cuervingenuo,X.com/cuervingenuo,3459884242,Cuervo Loco 🇵🇸🇸🇾🇾🇪🇱🇧🇮🇷🇷🇺🇨🇳
david_fairn,X.com/david_fairn,1048647366,AGITPROP!🗯💣🧨🔥💥🚩🔻🇵🇸🇨🇺🇨🇳🇻🇳🇾🇪🇿🇦
death_ray_0,X.com/death_ray_0,1807738344560050000,"AYAH🇵🇸 (✸,✸)"
deepdowndread,X.com/deepdowndread,1048530265310680000,darrr 🇵🇸
defjansen,X.com/defjansen,2213561068,DavJan🇿🇦🇵🇸🇱🇧🇾🇪🇮🇷
delhi_dave,X.com/delhi_dave,2408645694,Definitely Donald 🇵🇸#PalestineLives #BDS
dipptak,X.com/dipptak,507234932,- 🇵🇸
drtksaad,X.com/drtksaad,1074843120,Tsaad 🇱🇧🇵🇸
dublinactivist,X.com/dublinactivist,1067995648857790000,@DublinActivistAmandaC #FreedomFlotilla 🇮🇪✊🇵🇸
duplicateghost9,X.com/duplicateghost9,1485291032,ibrahim aliyu 🇳🇬 🔻🇵🇸
e_manning,X.com/e_manning,155350308,Esther Manning 🇲🇽🇵🇸
edisonburbanoOK,X.com/edisonburbanoOK,4406287341,Edison BUrbano 🇨🇴 🇦🇷 🇻🇪🇵🇸
elchusdegranada,X.com/elchusdegranada,498776300,jesús de graná 🇵🇸
elekjappa,X.com/elekjappa,2904133034,ElekJappa 🇵🇸
eliborebark,X.com/eliborebark,1240639126119970000,EliboreBark 🇵🇸🇱🇧🇮🇷
ell_rufai,X.com/ell_rufai,1208082912823990000,Gho$T🇵🇹🇵🇸
elperrogacho,X.com/elperrogacho,54073926,El perro gacho 🔻🇵🇸
enfree1993,X.com/enfree1993,1015683182060950000,Enrico60🇮🇹🇨🇳🇷🇺🇵🇸🇮🇷
fibonyacci,X.com/fibonyacci,367066674,ഡൂമർ ഗേൾ 🇮🇳🇨🇳🇷🇺🇵🇸🇰🇵🇨🇺🇮🇷
free_blacks,X.com/free_blacks,1259162723012810000,Marena Godlo 🇿🇦✊🏾 🇵🇸
fridaygirl13,X.com/fridaygirl13,499694976,GraffitiGirlFriday🇱🇧🇦🇺🇵🇸
frkankscu01,X.com/frkankscu01,1559258938088080000,M. Furkan Kuşçu🇹🇷🇵🇸
fulplan,X.com/fulplan,1502895476,FulPlan … 🇵🇸🎭
funkywitch1982,X.com/funkywitch1982,156406849,Karyna Morris✌❤☮☯🌍⛥ Free Palestine 🇵🇸
gabo_mtzs,X.com/gabo_mtzs,1381723069434230000,Gabriel Martínez 🇵🇸🇾🇪
globally_just,X.com/globally_just,1800575774837100000,Global_Justice 🇵🇸 🇺🇦🇱🇧🇮🇷🇻🇪
hachaymacheete,X.com/hachaymacheete,1579512434645250000,🪓🐉🇵🇸🇱🇧✌🏾
haikopp,X.com/haikopp,546843639,رجل من الشرق🇵🇸
hajiaba_,X.com/hajiaba_,1520897450,Makosa 🇬🇭 🇵🇸 🇨🇩 🇸🇩
houthi_h_i_h_,X.com/houthi_h_i_h_,1702459442124490000,Medical Student 🩺🥼🇵🇸𓂆
i_5_6,X.com/i_5_6,2864318240,إبراهيم الهادي 🇴🇲 🇵🇸
iddi_bashora,X.com/iddi_bashora,1397512075635800000,Bashora ~ Ahlul Bayt🇵🇸
illi4141,X.com/illi4141,368303654,illinois cook 🇵🇸
imeanit77,X.com/imeanit77,4705237527,Concerned Citizen of 🇹🇿 🇵🇸🔻
integra9290,X.com/integra9290,100546641,Isra 🇲🇽 🇵🇸
iraq_hn,X.com/iraq_hn,1565451525274700000,🇮🇶🇵🇸🇮🇷🇷🇺
izzo_btc,X.com/izzo_btc,1401525895660250000,izo - Running ₿itcoin - FREE PALESTINE 🇵🇸
jala_leb,X.com/jala_leb,327091166,Dr. Jala 🇱🇧 🇵🇸
jannahseeker99,X.com/jannahseeker99,1600015543062660000,korban mulyono 🇵🇸
jaraparilla,X.com/jaraparilla,60006673,Jaraparilla 🇾🇪 🇵🇸 🇱🇧
jinghostjin,X.com/jinghostjin,1699253533529550000,Cr7Ghost 🇧🇩🇵🇸
jojoswitz,X.com/jojoswitz,222036729,Jojo's wit 🇵🇸
jong_slow,X.com/jong_slow,1247494403293360000,PsyOp 2026 ☸️ 🇵🇸 🇺🇸
josargor,X.com/josargor,302027960,Jose Mari🔻🇵🇸🇻🇪🇨🇺🇮🇷
jralvins,X.com/jralvins,109360713,🇻🇪🇵🇸
jumose57,X.com/jumose57,3040908400,Jumose ☭🇵🇸🇨🇺🇷🇺🇨🇳
justicelovepeac,X.com/justicelovepeac,732505755660607000,Amalek Descendent 🇵🇸
khaleds657,X.com/khaleds657,2817264324,khaled 🇮🇷 🇨🇺 🇧🇴 🇵🇸 🇩🇿 🇻🇪 🇳🇮
komradsky_1917,X.com/komradsky_1917,1937553036353950000,Komradsky 🇵🇸🇰🇵🇷🇺🇨🇳🇻🇪
konvyslick,X.com/konvyslick,1778279176505600000,Slick🇵🇸
kuffiyeha,X.com/kuffiyeha,1774976443660820000,palestinalibera 🇵🇸
kvshspliff,X.com/kvshspliff,1063325983175050000,🇸🇩🇨🇩🇵🇸
lateeph_olawale,X.com/lateeph_olawale,1100351068565850000,Abdullateef Olawale 🇳🇬🇵🇸
lawal0la,X.com/lawal0la,879377662371869000,🇳🇬Oluwatosin☪️🇵🇸🇨🇩
lawdefender_,X.com/lawdefender_,1805321707483180000,Law Defender⚖️🇵🇸🇵🇸🇵🇸
levantkrey,X.com/levantkrey,1750127074654770000,Levantine •𓂆🇵🇸
lyly1840791,X.com/lyly1840791,1709318015437640000,ابو جهاد المهدي 🇾🇪🇵🇸🇱🇧🇮🇶
madridistadz20,X.com/madridistadz20,1145422117200160000,Francescoli🇵🇸🇩🇿🇪🇭🎖🎖
mahbubchow24322,X.com/mahbubchow24322,1852088730707740000,Mo 🇺🇸 🇵🇸
malihe_rose,X.com/malihe_rose,1804680946744190000,Malihe(ام محمد)🇵🇸🇾🇪🇱🇧🇮🇶
marcosvmf_,X.com/marcosvmf_,1470789843877780000,Marcos Feres 🇵🇸
mareevento,X.com/mareevento,241567202,rahma cristina 🔻 🇵🇸 🇱🇧 🇾🇪 🌷 🇨🇺
marinadebrot,X.com/marinadebrot,293825688,Debrota 🇧🇷🇨🇭🇵🇸
maryj59,X.com/maryj59,18022791,maryj59🇵🇸🇨🇮
matt7gh,X.com/matt7gh,89211519,Matteo Galante 🇷🇺 🇵🇸 🇾🇪 🇱🇧 🚀🪂🔻
mavera365,X.com/mavera365,944007852,rainboy...🇵🇸
mb2175,X.com/mb2175,1586074528651830000,maryam🇮🇷🇵🇸
mbhuriyavacanyi,X.com/mbhuriyavacanyi,513597168,"#RememberKhwezi, MBA 🇿🇦 🇵🇸 🇮🇷"
megg_souza_,X.com/megg_souza_,130307102,Meg 🚩 🇵🇸 🟩⚪️🟥
melanie_needham,X.com/melanie_needham,54833278,Melanie Needham▪️Free 🇵🇸 ▪️
melina_nilles,X.com/melina_nilles,99620152,Melina Nilles 🇵🇸 auxbâillonnésdelaTerre
melisarivas24,X.com/melisarivas24,573078734,melisa rivas 🇷🇺🇵🇦🇵🇸🇨🇳🇳🇮🇨🇺🇻🇪
memudin,X.com/memudin,1179647786423390000,memudin 🇵🇸
mhaiderimtiaz,X.com/mhaiderimtiaz,146089674,Haider Imtiaz 🇵🇸
mikada1702,X.com/mikada1702,1711012916541940000,Iris Ulmann🇷🇺🇷🇺🇷🇺☦️🇨🇳🇵🇸
mirzamuham80454,X.com/mirzamuham80454,1648265169049650000,Mirza🇵🇰 Muhammad🇵🇸 Usman Baig
mo_shiralipour,X.com/mo_shiralipour,851810789539410000,🇵🇸🇮🇷
mobeenshafaat,X.com/mobeenshafaat,26996019,Mian Mobeen Shafaat 🇵🇸🇵🇰 🍁
mobinmohammadiy,X.com/mobinmohammadiy,1522321114550220000,Mobin🇮🇷🇾🇪🇵🇸🇱🇧🇮🇶
moh_M11111,X.com/moh_M11111,1826992543604590000,محمد مصلح الوروري 🇾🇪🇵🇸
moslamicbh,X.com/moslamicbh,1818759953769020000,moslamic II 🇾🇪🇵🇸
mr100____,X.com/mr100____,2022060965349760000,Palestine Zindabad! 🇵🇸 🇮🇷 🇱🇧
mres313,X.com/mres313,1396504146010840000,🔴⚪️الله⚪️🟢مراص🇵🇸🇱🇧🇾🇪
muhammad_tabis,X.com/muhammad_tabis,1335288703384700000,Tabish Abbasi 🇵🇰🇵🇸
muntazireimam84,X.com/muntazireimam84,1240298543870550000,Haider Ali 🇵🇰🇵🇸
mxspoonr,X.com/mxspoonr,1443268525238460000,chapéu de fascista é marreta 🇵🇸🔻
naabi_said,X.com/naabi_said,2573230999,عماني مع المقاومة 🇵🇸🇴🇲 No peace without fighti
najarraarif,X.com/najarraarif,3034195458,Urooj Aarif 🇵🇸
nalymny37,X.com/nalymny37,1844901947989500000,{🇾🇪ثـــــابـــت🇵🇸} الاحتياطي
nightingale_Yan,X.com/nightingale_Yan,1070433082040300000,Mariam 🔻🔴🟡🟣🇵🇸
ninoqazi,X.com/ninoqazi,222123736,Nilofer Afridi Qazi 🇵🇰🇵🇸🇮🇪
nittyBites,X.com/nittyBites,1821685681464220000,Helena Handbasket 🇺🇸 🇵🇸
noonchai_0,X.com/noonchai_0,1192913442694250000,🇵🇸 🍁
noonu_online,X.com/noonu_online,1430397552323530000,Noonu Online🇲🇻🇵🇸🇮🇷🇱🇧🇿🇦
notronmexicuh,X.com/notronmexicuh,1757557945947320000,Abu Mexicuh 🇵🇸🪂🔻☭
obeid_zainab,X.com/obeid_zainab,1187674560398840000,Zainab Obeid 🇵🇸🇱🇧
okowais234,X.com/okowais234,1581910411125080000,owais 💪🇮🇳✌️🇵🇸✌️🇮🇷💪
pams_soo,X.com/pams_soo,603797450,pam’s 🇫🇷🇱🇧🇵🇸
papabaklava,X.com/papabaklava,1019052750137630000,Cartoonishly Big 🍞🇵🇸🇨🇺🔻⚒️
paralyssaa,X.com/paralyssaa,2038818214725960000,alyssa 🇵🇸
pastiakandatang,X.com/pastiakandatang,4877918644,THE DAY WILL BE COMING 🇮🇩🇵🇸
pea71151,X.com/pea71151,1816374795837080000,🇵🇸 🇱🇧 🇮🇷 MSB
phantasm_067,X.com/phantasm_067,1374338693628970000,Motteflash🇵🇸 🇮🇷 🇲🇾🇰🇼🇸🇦
pious__athiest,X.com/pious__athiest,80881894,we're all mad here 🇵🇸🇺🇸
pipp100,X.com/pipp100,551763116,old man river #FBPE@pipp100 🇵🇸UPSCROLLED@Pipp100
pyare_khan00000,X.com/pyare_khan00000,1334725461491010000,.🇵🇸
qa_kd7,X.com/qa_kd7,2353039473,-لـيـــث الـيـمـن™🇾🇪🇵🇸•
qualann,X.com/qualann,238700590,Máire 🇵🇸 NiGiollaBhríde
radflohistory,X.com/radflohistory,41823793,Radical Florida History 🇵🇸🔻🪂
rainebyoona1,X.com/rainebyoona1,2841046444,Reagan🇺🇬🇵🇸#Avenger003
rank_j,X.com/rank_j,1808576208227160000,j arthur rank 🇵🇸
redjade_hu,X.com/redjade_hu,17894700,jd 🌍🇪🇺🇭🇺🚀 & 👍🇺🇦🇵🇸
rociocangla,X.com/rociocangla,460358477,Rocío Campos 🇪🇸🇲🇽🇵🇸🇨🇺🇷🇺🇮🇷🇱🇧🇾🇪
rojoChilean,X.com/rojoChilean,1321552596486810000,Red Chilean 🇨🇱🇷🇺🇵🇸
roohollaah313,X.com/roohollaah313,1229358733152670000,روحــ الله 🇵🇸
rorofofo151,X.com/rorofofo151,705367287,سيدة نفسي 💕 {88}~¶🇵🇸♥️🦋
rosa_rior,X.com/rosa_rior,2800446880,Rosa 🇵🇸
sadafkh49485464,X.com/sadafkh49485464,1501838157817730000,sadaf khan 🇵🇸
saeedwattoo,X.com/saeedwattoo,131898025,Saeed Wattoo 🇵🇸
sapphosp3npal,X.com/sapphosp3npal,823878115713761000,Miguel O'Hara's partner (real) 🇵🇸🔻
sara_khan56730,X.com/sara_khan56730,2603938014,Sara 🇵🇸
shamshad_hashmi,X.com/shamshad_hashmi,565477459,Syed Shamshad Ali🇵🇸🇵🇰🇮🇪🇪🇸
shipa123,X.com/shipa123,176087555,sa 🙅🏻
shueybss,X.com/shueybss,2447536092,Shuaib 🇲🇻🔻🇵🇸
sonalreich,X.com/sonalreich,343220257,yachiyo miki#FreePalestine 🇵🇸🇮🇷
sooshu94,X.com/sooshu94,1348165413364970000,🇹🇳 Nada 🧕 🇹🇳 (SeulGi) 🇵🇸
soulfullofflags,X.com/soulfullofflags,3029272979,nicolás🌹 #NoAlTPP11 🇰🇵 🇵🇸 🇾🇪
spensir1,X.com/spensir1,1854384470,Chifu 🇵🇸
stephen_moatshe,X.com/stephen_moatshe,724934062788452000,Section204 Witness 🇵🇸 🇮🇷 🇮🇷 🇮🇷 🇮🇷 🇮🇷
suryaamriza,X.com/suryaamriza,21820963,samurai ayz 🦉🇲🇨 🇵🇸 🇮🇪
syedonalt,X.com/syedonalt,1994830156901620000,Syed-AL-Hind 🇮🇳🇵🇸
tausifNZ,X.com/tausifNZ,1636822337419880000,Tausif🇵🇸
telephonic1892,X.com/telephonic1892,1229187492139670000,TelephonicIsBack🇵🇸
the_9th_hokage,X.com/the_9th_hokage,377018120,radic-al 🇵🇸🇭🇹 🇨🇺
thefishermon,X.com/thefishermon,214714335,brad Stewart 🇵🇸
thembile_hlati,X.com/thembile_hlati,2531647684,Thembile🇿🇦 🇷🇺 🇵🇸 🇾🇪🇮🇷
this_user15,X.com/this_user15,607483023,Mlambo 🇵🇸
truebeliever53,X.com/truebeliever53,403259820,Murtaza 🇵🇸🇮🇳🇮🇷
ttxp_fctn7007,X.com/ttxp_fctn7007,4852153488,ttxp🏳️
tuheen17,X.com/tuheen17,1279127416112280000,Shad 🇵🇸
turbineofhope,X.com/turbineofhope,4835570496,अकांक्षा 🇵🇸
twittle46402935,X.com/twittle46402935,1084182198708780000,Super Woke 🇺🇦 🇮🇱 🇵🇸 🏳️
txurini,X.com/txurini,400818992,Gerry 🇵🇸
unseen_light,X.com/unseen_light,66940078,hasan abbas 🇵🇰 🇵🇸
vannybarrera80,X.com/vannybarrera80,160587973,Vanessa Barrera🇲🇽🇷🇺🇵🇸🇨🇺
vettukulam,X.com/vettukulam,388116452,end the genocide 🇵🇸
virangar65,X.com/virangar65,1640491020969300000,"🇵🇸ali,hashemi6214"
walking_Sadman,X.com/walking_Sadman,1499995397816820000,Walking Sadman 🇵🇸
wallfukinflower,X.com/wallfukinflower,991532798086451000,Azhar 🇵🇸
wamsha92s,X.com/wamsha92s,128208311,🇵🇸
wendzedin,X.com/wendzedin,123037377,wendz 🏴
wettanaam,X.com/wettanaam,796565698617180000,"All My Homies Hate Diomaye,Macky&Israel, 🇵🇸 Shia"
winthersbot,X.com/winthersbot,1368301056325780000,tati 🇵🇸
xunaed,X.com/xunaed,270788428,JK 🇧🇩 🇵🇸 🇮🇷 ✊
yasing221,X.com/yasing221,1390210221172160000,爆彈🇵🇸
yearninquilab,X.com/yearninquilab,1867614203248620000,🔻🍁🇵🇸
yehouda2813371,X.com/yehouda2813371,1900755212887040000,yehouda 🇵🇸🎗️#EpsteinFiles
zahrae12016,X.com/zahrae12016,1195250289403740000,زهراء🇱🇧🇮🇷🇮🇶 🇾🇪 🇵🇸
zainabsadat_m,X.com/zainabsadat_m,1293596211794990000,سیده زینب موسوی🇵🇸🇱🇧🇮🇷#إنا_على_العهد
zainalabdin22,X.com/zainalabdin22,3190197235,zainalabdin ali🇾🇪🇵🇸🇱🇧
zjd_zjd,X.com/zjd_zjd,1094545136623720000,🇵🇸...زيد