No.,username,Link to profile,name,x_id
1,0xPolox,X.com/0xPolox,Polo 🎒,1587474168060190000
2,11021Siamak,X.com/11021Siamak,سیامک شهداد 🎒,704537621893091000
3,1366Hani,X.com/1366Hani,🎒t.m,1593329851402010000
4,15Reza50,X.com/15Reza50,Reza🎒🟩☫🟥,1355490775774220000
5,1986javaheri,X.com/1986javaheri,المقاومة🎒,1748667179019510000
6,1alipointe,X.com/1alipointe,destek🎒,1554523440794820000
7,1theone123,X.com/1theone123,Iranwillprevail🎒,2007085185482000000
8,21_century_man2,X.com/21_century_man2,hello my enemies 👋ایران❤️🎒,3103460621
9,27Par27,X.com/27Par27,Paris ☫🎒,1462715408717430000
10,28Ostad,X.com/28Ostad,🎒 ᴀᴍɪʀ'ʜ²⁸🌙,1442842010294050000
11,2m4life,X.com/2m4life,Majid ☫ 🎒,1301682747380050000
12,3rdwayNewgen,X.com/3rdwayNewgen,🎒افشاگر اینه (ابراهیمی),1976228129472740000
13,7Hadilou,X.com/7Hadilou,🎒معمار,2472389124
14,8qo2M8In4A3096,X.com/8qo2M8In4A3096,大熊猫🍉🎒,1675417280774300000
15,93Judge,X.com/93Judge,Mojtaba 🎒,1124585403393160000
16,AANassir1,X.com/AANassir1,A. A. Nassir 🎒,1433432443231490000
17,AMokhtarpour,X.com/AMokhtarpour,🎒☫Arman Mokhtar /آرمان مختار,1690612032
18,AScbzgtp,X.com/AScbzgtp,جان فدای ایران 🎒,1540606795705630000
19,ATENA_1630,X.com/ATENA_1630,مینا🎒,1852918714624250000
20,AYPAKMUSLIM,X.com/AYPAKMUSLIM,AY 🎒🇵🇸۞🔻🥄🍉,2759890094
21,A_CH64,X.com/A_CH64,Alireza Ch 🎒,926900694669496000
22,A_t_i__e,X.com/A_t_i__e,عطیــه 🎒🏴,1813135907102260000
23,Abu_Reyhan96,X.com/Abu_Reyhan96,سید اولاد پیغمبر🎒,1263924576226030000
24,AcientMind,X.com/AcientMind,ZoreA🎒,1232573398695510000
25,Adolfin1234567,X.com/Adolfin1234567,🎒 آدلفین 🐬,558997062
26,Advanced_Iran,X.com/Advanced_Iran,The I r a n i a n 🎒,1645861221495720000
27,Ah_Haghi,X.com/Ah_Haghi,Amirhossein Haghi 🎒,1213043153361460000
28,Ajameirani118,X.com/Ajameirani118,ناشناس🎒,1898917560801700000
29,AleRaza15,X.com/AleRaza15,Ale Raza 🎒,174333787
30,AlexMalejewicz,X.com/AlexMalejewicz,The Alex Malejewicz Project 🇷🇺🎒,478143027
31,AliZaarei,X.com/AliZaarei,علی زارعی | Ali Zaarei🎒,598241376
32,Ali_MD119,X.com/Ali_MD119,Ali.MD🎒,1519352765474030000
33,Ali_Moradi1999,X.com/Ali_Moradi1999,Ali Moradi🎒,1274663097706450000
34,Ali_mari205,X.com/Ali_mari205,مهندس عمار🎒,1872641894615780000
35,Alighamkhar2,X.com/Alighamkhar2,علی,1040007875119250000
36,Alimt1984,X.com/Alimt1984,Ali 🎒,1810474746418780000
37,AlkatrasTulipa,X.com/AlkatrasTulipa,tulipa🎒,2050946619198340000
38,Alnur_ir1,X.com/Alnur_ir1,🎒,1704615241533750000
39,Amin_Hedayat57,X.com/Amin_Hedayat57,🎒 امين هدايت,835061554076860000
40,Amir0sharifi,X.com/Amir0sharifi,Amir Sh🎒,875722335449489000
41,Amir46170972,X.com/Amir46170972,فاطیما 🎒,1156850197911230000
42,AmirChizari,X.com/AmirChizari,امير چيذري 🎒,802401515608670000
43,AmirMohajer,X.com/AmirMohajer,امير مهاجر 🎒,405011334
44,AmirNaderifard,X.com/AmirNaderifard,🎒Amir Naderifard,1392966833591000000
45,AmirThePunk,X.com/AmirThePunk,Amir🎒,1826400019362000000
46,Amiralit3rh,X.com/Amiralit3rh,ببر🎒,2060359378570510000
47,AmirhoseinInrs,X.com/AmirhoseinInrs,🟥,1616561872915910000
48,AmirrezaMoafian,X.com/AmirrezaMoafian,☫AmirReza Moafian🎒,1339437892742080000
49,Ammarirani1,X.com/Ammarirani1,🎒🇮🇷 عمار ایرانی🇮🇷 قطعاً سننتصر,1405139724168280000
50,Annewithane27,X.com/Annewithane27,Anne 🎒,1354804177059290000
51,ArashDaniali,X.com/ArashDaniali,Arash Daniali 🎒,1141946573070500000
52,Arashrahi91384,X.com/Arashrahi91384,Iran🎒,2006839259068770000
53,AriaSaami,X.com/AriaSaami,🎒 سانتریفیوژولیست,1846661217839930000
54,ArmanNaderi16,X.com/ArmanNaderi16,🎒Arman Naderi,1614196765606940000
55,Arsalan_Att,X.com/Arsalan_Att,Arsalan 🎒,2013090270481420000
56,Ashkan274_,X.com/Ashkan274_,Ashkan🎒,538178908
57,Ashkan_Humanity,X.com/Ashkan_Humanity,🎒🥀 Ashkan 🚢🥀,2036813841783540000
58,AssadpourZaa,X.com/AssadpourZaa,🎒Zahra 🎒,2007163058951730000
59,AvengerOfMartyd,X.com/AvengerOfMartyd,Avenger Of Martyd 🎒,2028580301497060000
60,Avicenna2r,X.com/Avicenna2r,Avicenna 🎒ابن سینا,2018301908469920000
61,Avin__1368,X.com/Avin__1368,فــآطِمِـــه🎒,1646759400810360000
62,Bahman_Apl,X.com/Bahman_Apl,Bahi 🎒,1547892765735800000
63,BanafshaW36239,X.com/BanafshaW36239,Banafsha Wasiqi 🎒,2031476566245700000
64,BhrahmantyaS,X.com/BhrahmantyaS,Bhrahmantya 🇲🇨 🇵🇸 🎒,1758216466355370000
65,Bitakhanooom,X.com/Bitakhanooom,Bitakhanom🎒,1144116522182430000
66,BitinoAi,X.com/BitinoAi,Alex Luther 🎒,2040460050389480000
67,Candyman_2025,X.com/Candyman_2025,,1360344496769290000
68,Carusoytgs,X.com/Carusoytgs,🎒سارا,1961768516631040000
69,Caspian713,X.com/Caspian713,☫⚛️☢️Caspian🚩🎒☫,1444372458
70,ChakerKat,X.com/ChakerKat,𝐊𝐚𝐭 🚩🍉🎒🦩,1180942763933740000
71,CheGueverasoul,X.com/CheGueverasoul,🎒Che Guevera🎒,1304482899438250000
72,Che_guevara_in_,X.com/Che_guevara_in_,🎒 Dr. Che Guevara 🇵🇸🇮🇶🇱🇧🇸🇾🇮🇷🇾🇪,1115468464465040000
73,CloudWatchcs,X.com/CloudWatchcs,Mary Lou 🎒,1945442054483690000
74,CowOil_,X.com/CowOil_,🚩CowOil 🎒,1900771788583260000
75,Dad4life1,X.com/Dad4life1,🎒Mike Cox,1487383620
76,DinaBassiri,X.com/DinaBassiri,Oeil du Maître🎒,3331533071
77,DonMilano11,X.com/DonMilano11,Milad 🎒,712584712389333000
78,Doovare_Loor,X.com/Doovare_Loor,دُووَرِ لُر🎒,1318817909708370000
79,Dorche78,X.com/Dorche78,سید مرتضیٰ 🎒,1808503420107560000
80,Dorin1673115,X.com/Dorin1673115,Dorin🎒🍉,1989833192866810000
81,DorudiNL,X.com/DorudiNL,Ms. Dorudi زنده باد ایران 🍉🎒,4364496203
82,DownwithIzrael,X.com/DownwithIzrael,🇵🇸 🎒 Ahmad ☫,1572314939741570000
83,Drsmohamad1,X.com/Drsmohamad1,بچه سید🎒,1390349019336020000
84,DwrFamyl,X.com/DwrFamyl,z.shabani 🎒تیچِرتون,1478366187230790000
85,ERamFarm,X.com/ERamFarm,🎒محمد ☫ Mohammad,716909714643284000
86,EaVaN168,X.com/EaVaN168,EaVaN🎒,1323721928742440000
87,Elii9964,X.com/Elii9964,💚🎒ایـــــــرانِ من🎒💚,1475124163329380000
88,ElmiAnvari,X.com/ElmiAnvari,Mohammad El 🎒,2155581625
89,Ermy40,X.com/Ermy40,Ermy 🎒,1714606804049490000
90,EshaghiFarideh,X.com/EshaghiFarideh,خانوم ف🎒,1473900014065830000
91,EzatollahAkbari,X.com/EzatollahAkbari,,1227134822956630000
92,FTparmis,X.com/FTparmis,پارمیس❤️ ☫ 💚 🎒,3252052297
93,F_Davuodi67,X.com/F_Davuodi67,داودی 🎒,2059891529150290000
94,FaranggisB,X.com/FaranggisB,faranggis bagheri 🎒,1581366985706930000
95,FarhadIman92372,X.com/FarhadIman92372,Ferhad 🎒,2041558211140930000
96,Fariba_lady,X.com/Fariba_lady,بانو فریبا🎒,1538557858534550000
97,Fatemeeng,X.com/Fatemeeng,فآطِمَهُ نَبّئ 🎒,1212952607800450000
98,FatemehSepideh,X.com/FatemehSepideh,🎒 Stop The Genocide of Palestinians 🇵🇸,1223968959868720000
99,FereshtehSaemi,X.com/FereshtehSaemi,فرشته صائمی🎒,1220413867559350000
100,FlyingPhant,X.com/FlyingPhant,🎒فیل پرنده,1294022381615350000
101,GAbbasFazli,X.com/GAbbasFazli,JMirzai 🇦🇫 🎒,248498257
102,GhadiriAb,X.com/GhadiriAb,🎒 عباس قدیری ☫,1108411099022530000
103,Ghorban0pour,X.com/Ghorban0pour,داوود🎒قربان,1311504574780410000
104,Gigili953666859,X.com/Gigili953666859,🟩☫🟥تبعیدی🎒,1643683730643460000
105,HRA80,X.com/HRA80,حمیدرضا علیمی🎒,799013603475124000
106,HSamawat,X.com/HSamawat,حسام سماوات🎒,1619256585573880000
107,HadiTeymuo98988,X.com/HadiTeymuo98988,🎒hadi k h,1786175094575810000
108,HafezTalesh,X.com/HafezTalesh,🎒Hafez Talesh,1758610916243830000
109,HajAhmad128,X.com/HajAhmad128,حاج احـمـد🟥☫🟩 🎒,1214820417464100000
110,Hajizade_org,X.com/Hajizade_org,🎒s.r.hajizadeh,1239042874584580000
111,Hamed_Zizou,X.com/Hamed_Zizou,Hamed Zei. 🎒,618154339
112,Hasankhani1980,X.com/Hasankhani1980,IRAN🎒,1496452998695950000
113,HassanMoradi70,X.com/HassanMoradi70,حسن مرادی🎒,1842285586536920000
114,Heinstein97,X.com/Heinstein97,حالبرت حنشتین🎒 ☫🌲,858092485284958000
115,Herr_Quality,X.com/Herr_Quality,Herr Qualität 🎒,918192969605374000
116,HferdosianPc2,X.com/HferdosianPc2,hosein ferdowsian🎒,1924500058063440000
117,Hieremias25,X.com/Hieremias25,اِرمـیــا 🎒,1824932597224340000
118,Hojatkatebi,X.com/Hojatkatebi,🎒حجت کاتبی🇮🇷(شهروند درجه 3),1522567856260620000
119,HoseinAqajany,X.com/HoseinAqajany,hosein🎒,1228576949255250000
120,Hossein_gh00,X.com/Hossein_gh00,Hossein_gh 🎒,991631737271792000
121,HypersonicIRI,X.com/HypersonicIRI,🎒Frost,1918915472294360000
122,Ib494,X.com/Ib494,Ibrahim 🎒,132335496
123,Imhsnbzn,X.com/Imhsnbzn,🎒حُسنا | 🟥 ☫ 🟩,776494615251808000
124,Inan_ir,X.com/Inan_ir,دبیرالمُلک🎒,1862224962343350000
125,Inneezbogzarad,X.com/Inneezbogzarad,Maliheh 🎒,1680273302315730000
126,Inuske_Yeah,X.com/Inuske_Yeah,Inuske🎒,1695041112430210000
127,IotollaKomehni,X.com/IotollaKomehni,بى خيال 🎒,36379529
128,IranInReality,X.com/IranInReality,Iran in reality🎒,4649470407
129,IranMilitaryEN,X.com/IranMilitaryEN,Iran Military News ☫ 🎒,1936640442335970000
130,Iranvatanam_,X.com/Iranvatanam_,🎒FortuneTeller,1574605072327220000
131,IsabelMonjeH,X.com/IsabelMonjeH,🎒Isabel Monje,1802790409103400000
132,IsfahanMusa,X.com/IsfahanMusa,Isfahan Musa 🎒,1333542311049840000
133,IzkMohbi,X.com/IzkMohbi,اسحٰاق محبی🎒,1315509299272190000
134,JaberSahragard,X.com/JaberSahragard,جابر صحراگرد 🎒,1382755282732880000
135,Jangjouye,X.com/Jangjouye,Jangjou 🎒,1173933267562550000
136,Javan_4,X.com/Javan_4,مرسده جوان🎒🏴,1285310161142390000
137,JhangyrVs,X.com/JhangyrVs,جهانگيرو 🎒,1512326229340400000
138,JoannaTeglund,X.com/JoannaTeglund,🎒Joanna Teglund✊😷🍉Human life is sacred,439321373
139,Joeyexh,X.com/Joeyexh,Joe 🎒🍉,2042323322654850000
140,Kaal_81,X.com/Kaal_81,Ka.al ☫🚀🎒,780437528109285000
141,KamandMs6562,X.com/KamandMs6562,🎒ms_kazhalکژال,1717567158170120000
142,Karl46958336788,X.com/Karl46958336788,Karl🎒,1933972591896570000
143,KermanIran88,X.com/KermanIran88,Muffin 🎒,1713645242782500000
144,KimiaMozafarian,X.com/KimiaMozafarian,🎒 کیمیا مظفریان🟥 ☫ 🟩,1182559483958090000
145,LavasaniMalihe,X.com/LavasaniMalihe,🥀لواسوني🎒,930498247470219000
146,Laylapallang,X.com/Laylapallang,Layla🎒,2045492034811620000
147,Liaghat290420,X.com/Liaghat290420,Liaghat🎒,2033862839174330000
148,Logos_Freedom,X.com/Logos_Freedom,🎒Mohsenian,870952506322547000
149,LtyfyTwby,X.com/LtyfyTwby,لطیفی🎒,1630138820367620000
150,M1985S209,X.com/M1985S209,Motto209🎒 I.R.IRAN,1146875087708200000
151,MBazmar1359,X.com/MBazmar1359,بزم آراء💪🟩 ☫ 🟥 🎒,1279034688099760000
152,MMobinHekmat,X.com/MMobinHekmat,محمدمبین حکمت 🎒,1556930435552370000
153,MSMirmoosa,X.com/MSMirmoosa,🎒Mohammad Sajjad Mirmoosa,1575971320453600000
154,M_Amirpour,X.com/M_Amirpour,Mahdi Amirpour 🎒,1228265947007520000
155,M_ghanbariha,X.com/M_ghanbariha,🎒مهدی قنبری,1048999206244020000
156,MahGhazaal,X.com/MahGhazaal,Mah 🍉 🎒,892712098991489000
157,MahdiHzq,X.com/MahdiHzq,🎒 Mahdi,1754244137493100000
158,Mahdi_14_313,X.com/Mahdi_14_313,یار ۳۱۳ 🎒,1714477137434920000
159,Mansorkabir,X.com/Mansorkabir,🎒مَنصِ,2047950400880350000
160,MansourNmi,X.com/MansourNmi,کبلایی منصور بنا 🎒,1233350985289850000
161,MargBarSraehell,X.com/MargBarSraehell,🎒don't forget Minab School Kids,2036771682501960000
162,MariaQurashi,X.com/MariaQurashi,Maria Qureshi🎒,293388328
163,MaryamMehr68,X.com/MaryamMehr68,🎒گل مریم,1703145447362060000
164,Maxellm11,X.com/Maxellm11,🎒ممد رضا,809000050823152000
165,Mayrin4321,X.com/Mayrin4321,Mayrina🎒,1719171584118890000
166,Mcdonnell187580,X.com/Mcdonnell187580,☫TomcatIRIAF14☫|تامکت🎒,1893017857589410000
167,MehdiMalekyan,X.com/MehdiMalekyan,sniper🎒,1720784550190600000
168,Mehran_888,X.com/Mehran_888,RiseAsOne 🍉✊🌏🎒,3008554007
169,Mesali666802ak,X.com/Mesali666802ak,ریچارد فاینمن از ویسکانسین 🎒,1396149163776170000
170,Mh8_1384,X.com/Mh8_1384,محمدجواد|Mh8 🎒,1443489346481440000
171,MhKh313,X.com/MhKh313,mh.kh313🎒,1589332353339610000
172,MhmdHolmes,X.com/MhmdHolmes,Mhmd Holmes 🎒,1912929552663290000
173,Mmn600195640424,X.com/Mmn600195640424,Mmn 🇵🇸 🎒,1740054107904150000
174,Mn738299Nn,X.com/Mn738299Nn,مسیح معاون خاتم الانبیا🎒🎒,1581605716091150000
175,MobinResistance,X.com/MobinResistance,peace 🕊️🎒,1935736804285800000
176,Mohadi0o,X.com/Mohadi0o,Mohadi🎒,1747858166174410000
177,MohammadAlinez5,X.com/MohammadAlinez5,🎒علی نژاد 🟩⬜🟥,1172688937233640000
178,Mohammadjfakhri,X.com/Mohammadjfakhri,🎒 محمد جواد فخری,1924935412059140000
179,Mohdre61464,X.com/Mohdre61464,Mo Hoss 🎒,1841286439528730000
180,MohebAli632,X.com/MohebAli632,محب علی🎒🟩☫🟥,1854800353906380000
181,Moonface6969,X.com/Moonface6969,Zara Frenly 🎒 🕊️ 🍂🍃🍁,1861217095393980000
182,Morora_papa,X.com/Morora_papa,🎒PAPA | پاپا 🟥 ☫ 🟩 🇵🇸,1948344706896740000
183,MortezaAli1360,X.com/MortezaAli1360,مرتضی علی 🎒,1816429595085900000
184,Mostafa_abikar,X.com/Mostafa_abikar,mostafa_313🎒,1598312809984850000
185,Mostafamn99,X.com/Mostafamn99,Mostafa🎒,1509311219437650000
186,Mr13Au,X.com/Mr13Au,🎒 🟥 ☫ 🟩 mr 13,1583217453026500000
187,MrFarhad7596,X.com/MrFarhad7596,Farhad 🎒,2009751092167650000
188,Mr_Mohajerr,X.com/Mr_Mohajerr,حسین مهاجر🎒,1882912661203290000
189,Mrashidi126,X.com/Mrashidi126,🎒 Mehdi,925277538343105000
190,MryPakty95055,X.com/MryPakty95055,ارکیده.....🎒میناب۱۶۸,1655625625992930000
191,Msh110A,X.com/Msh110A,Me🎒,806937386215162000
192,MuAyoo22737,X.com/MuAyoo22737,AYOO Mu🎒,2036165948760280000
193,MuslimArch,X.com/MuslimArch,Muslim Architect 🎒,2029441104773590000
194,NGhabraei,X.com/NGhabraei,Nazdaneh Ghabraei ☫ 🎒,1934957194849450000
195,NS5003618949538,X.com/NS5003618949538,🎒 TASNIM,1720188112599430000
196,NTavabi,X.com/NTavabi,🎒n.tavabi,1314008278620410000
197,NaAzRoomam,X.com/NaAzRoomam,🇮🇷 Shahin شاهین زبرجد 🎒 🇵🇸,1719976341892690000
198,Nader1dande,X.com/Nader1dande,جوجه تیغی ساما 🎒,1716585480094110000
199,Nayere_n_d_81,X.com/Nayere_n_d_81,نیره نوری🎒,1247043476912560000
200,NazResista,X.com/NazResista,🇵🇸Naz🎒🟩☫🟥,2049453194741510000
201,Nazmadiny_4988,X.com/Nazmadiny_4988,خانم نظم الدینی🎒,1340502316382900000
202,Nazresistance,X.com/Nazresistance,Nazs🎒,2341579278
203,NewsandViews11,X.com/NewsandViews11,🎒شهــرزاد (حساب جدید),1230848452348670000
204,NiloLilooooo,X.com/NiloLilooooo,NiluLilo🎒🍉,2053698819930660000
205,Nima12121,X.com/Nima12121,🎒Nima🛌🍎🛵⏰,1093433360561640000
206,Nothedayati,X.com/Nothedayati,Ehsan🎒,1783452105203700000
207,Omiid33,X.com/Omiid33,OMID | اُمید 🎒,1702370795874350000
208,Pakniyat__,X.com/Pakniyat__,خانم پاک,1440740441003950000
209,PandayeAsbSavar,X.com/PandayeAsbSavar,𝟶𝚡𝙼𝚊𝚛𝚒🎒,1978535889694300000
210,Patriot1982378,X.com/Patriot1982378,Patriot 🎒,2035784897890280000
211,Perspolis56101,X.com/Perspolis56101,🎒MoRaKho313🎒,1947380076225690000
212,Pinkman3119711,X.com/Pinkman3119711,farhad 🎒,1882714908229320000
213,PrandtlSama,X.com/PrandtlSama,Ludwig 🎒,1288717879551170000
214,RTEMYSS,X.com/RTEMYSS,آرتمیس 🎒,1864315589268790000
215,RadAtila24,X.com/RadAtila24,Atila Rad🎒,1765252174781750000
216,Rah_1400,X.com/Rah_1400,Rah313🇮🇷🎒,1601125864229550000
217,RahmanNazr,X.com/RahmanNazr,Rahman Nazari🎒,1805952049047020000
218,RasoolFala28934,X.com/RasoolFala28934,🎒rasool falahi,1932408792634850000
219,RezaIrani2,X.com/RezaIrani2,Reza Namazi 🎒,47767152
220,Rezado7,X.com/Rezado7,حاج اصغر 🎒,835491454189507000
221,Rezazaf,X.com/Rezazaf,Reza 🎒,2032942510016760000
222,Rhmn_Tavana,X.com/Rhmn_Tavana,رحمان توانا 🎒,731156113689706000
223,Roshi_76,X.com/Roshi_76,Roshan🌞🎒,1680946710128780000
224,SDeezer89,X.com/SDeezer89,💚🤍♥️ سعید دیزل🎒,2017610791428440000
225,SRoudehi80303,X.com/SRoudehi80303,سِتایِشْـ رودِهْیـ🎒,2037079870644050000
226,SSgry20516,X.com/SSgry20516,ایلیای 🌓/🎒,2053532758996100000
227,S_ahmadpour75,X.com/S_ahmadpour75,سجّاد احمدپور (حساب جدید)🎒,1847794062654340000
228,S_almaneh,X.com/S_almaneh,salmaneh🎒,1156405437165720000
229,Saeed9935najafi,X.com/Saeed9935najafi,🎒Saeed Najafi,1629878540501130000
230,SaeedDoroudiani,X.com/SaeedDoroudiani,"Saeed Doroudiani, PhD, PEng, سعید درودیانی 🎒",899711573010383000
231,Saghebi_ir,X.com/Saghebi_ir,محمد ثاقبی 🎒,1722224340924780000
232,Sagol45697173,X.com/Sagol45697173,S_ G.O.L🎒,1057281316759180000
233,Salam_3_,X.com/Salam_3_,🇵🇸IRI🎒Salam_3_🇮🇶🇦🇫🇱🇧🇾🇪🇸🇾,1214199278375070000
234,Sam_ZohAt,X.com/Sam_ZohAt,Sam ZohAt🏴🚩🏴 🎒,156667836
235,Sarbaze_khak,X.com/Sarbaze_khak,بچه شهریار☫ 🎒,1993663772180020000
236,SayyedHossein,X.com/SayyedHossein,🎒🍉🔻حسین🔻☫,754008478625239000
237,Secret_guy8,X.com/Secret_guy8,Drone 🇵🇸 🎒,1312443032059420000
238,Seddighehghh1,X.com/Seddighehghh1,Seddighehghh🎒,1315707652450800000
239,Seniorita2810,X.com/Seniorita2810,Seniorita 🎒,1444780782980110000
240,SeydBarghi,X.com/SeydBarghi,Seyd_Barghi 🎒,1594459589524720000
241,SeyyedBi,X.com/SeyyedBi,🎒گلدن رتریور,816692540149596000
242,ShahabadiX,X.com/ShahabadiX,Ali Shahabadi 🎒,1447123261612070000
243,Shahid_Eslami,X.com/Shahid_Eslami,میمِ اَلِف 🎒,1905588583777410000
244,Shanaei4,X.com/Shanaei4,Shabani 🎒,996838467219882000
245,SimaKhodadadi,X.com/SimaKhodadadi,🎒sima,1592826760604910000
246,SirVinQ,X.com/SirVinQ,SirV🎒,46788130
247,Smkomeil,X.com/Smkomeil,سید محمدکمیل🎒,1262956675507650000
248,Sonsofcyrus,X.com/Sonsofcyrus,Cyrus 🇨🇦🎒,985070503730626000
249,SoroushTams,X.com/SoroushTams,Proud Persian 🎒,1933436443952570000
250,Sunrise020120,X.com/Sunrise020120,s.s 🎒,2274434341
251,TTVStraylegend,X.com/TTVStraylegend,Straylegend🎒,1463863373121020000
252,The_Aria__,X.com/The_Aria__,Aria🎒🇮🇷,1633890168171050000
253,Toloyetalaii,X.com/Toloyetalaii,🎒Talisman,2021116241767800000
254,Tres__fatigue,X.com/Tres__fatigue,🎒Etudiant,1688218575830490000
255,TumourousGuy,X.com/TumourousGuy,🎒 S 🎒 God Bless ایران,156289929
256,Tweittweit,X.com/Tweittweit,کارگردان توئیتر 🎒,2576400085
257,UbuntuForever,X.com/UbuntuForever,DKC 🇵🇸 🌺 🇱🇧🎒,402031727
258,UserXZ5738,X.com/UserXZ5738,lounee🎒,1168423188667210000
259,V56096x,X.com/V56096x,🎒🛳FarsiVid,2016927595632480000
260,Vahidahxh,X.com/Vahidahxh,Vahid 🎒,4758754587
261,ValipourMasood,X.com/ValipourMasood,Masood Valipour 🎒,859330015401476000
262,Vaucluse14,X.com/Vaucluse14,Sam 🎒,1321062241714770000
263,Visme83,X.com/Visme83,Rayan🎒,1202237264908170000
264,Vital_aH,X.com/Vital_aH,عـیـن حـا🎒,1434896743129390000
265,VlNA_NASCO___xx,X.com/VlNA_NASCO___xx,Mezzo_di_contrasto 🎒,1851934656
266,VoH313_313_313,X.com/VoH313_313_313,VoiceofHumanity 🎒🛳️,2035676722696520000
267,VoicesUnheardIR,X.com/VoicesUnheardIR,Geertje/Zahra 🎒,2012510704629090000
268,VsFatemeh,X.com/VsFatemeh,فاطمه VS 🎒,1550787134113680000
269,WSyb22,X.com/WSyb22,WS 🇵🇸🇵🇸 🎒 🇮🇷🇱🇧🇾🇪,1575483415599920000
270,Waimea_1946,X.com/Waimea_1946,Ling-ling零零🎒,1819487882899610000
271,Warrior6769,X.com/Warrior6769,عمار🎒,59513092
272,Web3_ProjectsN,X.com/Web3_ProjectsN,🎒M Shaker,1722125374295860000
273,Yaremehrabann,X.com/Yaremehrabann,,1241996793677840000
274,Yasthetwit,X.com/Yasthetwit,🎒Yasmin,27746796
275,YutaabBarzan,X.com/YutaabBarzan,Yutaab Barzan 🎒🦩,2035800508989060000
276,Z123578185088,X.com/Z123578185088,Z123578 🎒,1641151223582560000
277,ZNrmashyry84873,X.com/ZNrmashyry84873,زهرا نرماشیری 🎒,1876590837888430000
278,Zahra__sn,X.com/Zahra__sn,زهرا صالحی,1908076905321960000
279,Zahraardenn,X.com/Zahraardenn,زهرام 🎒,1802234250428620000
280,Zakieabdolahi44,X.com/Zakieabdolahi44,🎒ماجده بانوم 📚💔🎒💔,1445608866843030000
281,ZarMahdi,X.com/ZarMahdi,Mahdi Zarafshan🎒,1688040896
282,Zarin__313__,X.com/Zarin__313__,Zarin🎒,2047015911421290000
283,Zeeshan__Pitafi,X.com/Zeeshan__Pitafi,☫🇵🇰 🎒 ذیشان,1491820075506150000
284,Zhre_1221,X.com/Zhre_1221,ZHRE.E ☫ 🎒,1355205404440070000
285,Ziton_99,X.com/Ziton_99,زیــتون🎒,1805967575190580000
286,_AminAhmadi,X.com/_AminAhmadi,امین احمدی☫🇵🇸🎒,1712477271104400000
287,_Mahdiyavar,X.com/_Mahdiyavar,مَهــدیـــ یــاوَر ☫ 🎒,1746286683870350000
288,__MrBear_,X.com/__MrBear_,MrBear🐻آقاخرسه🎒,4466601136
289,ab_mohammady2,X.com/ab_mohammady2,abufazel🎒,2051074381971960000
290,abbashajhashemy,X.com/abbashajhashemy,عباس حاج هاشمی,1009799892418600000
291,abbasmirshkari,X.com/abbasmirshkari,mir.minabi 🎒,3376810613
292,abdolreza1108,X.com/abdolreza1108,عبدالرضا ح.ک🎒,978710274013360000
293,abediny_ar,X.com/abediny_ar,🎒علیرضا عابدینی🟩☫🟥,1680159806508740000
294,abooohossein,X.com/abooohossein,First-class citizen 🎒,2032228593225670000
295,adaneshp,X.com/adaneshp,A.d 🎒,1589898470684610000
296,adollllllfff,X.com/adollllllfff,آدولف خسته 🎒,2009627582787170000
297,adriana_rojas5,X.com/adriana_rojas5,adriana rojas 🐱🌻🇵🇸🔻🇻🇪🇨🇺🇮🇷🎒,319423927
298,afruiux,X.com/afruiux,🎒افرا,2007724940687240000
299,afshin2003,X.com/afshin2003,🎒 timedoutmusic,48724263
300,aghamoalem_ir,X.com/aghamoalem_ir,🎒Mr.Teacher,1595384514099920000
301,aghaye_chaei,X.com/aghaye_chaei,آقای چایی🎒,1384977784376810000
302,ajdemarang,X.com/ajdemarang,Ajdemarang 🎒 اژدمارنگ,806286061
303,akbari1441,X.com/akbari1441,Mohammadakbari🎒,1250942337938630000
304,akramjahanian,X.com/akramjahanian,Akram Jahanian 🎒,290919396
305,ali_agha_hastam,X.com/ali_agha_hastam,علی آقا🎒,1064090527111500000
306,ali_kochoolo,X.com/ali_kochoolo,Ali🎒,991553843174478000
307,ali_roshani,X.com/ali_roshani,ali roshani🎒,517218467
308,alinasab_z25003,X.com/alinasab_z25003,Aqua ,1803698888043310000
309,alirezapashapo3,X.com/alirezapashapo3,پاشاپور🎒,1042273801759860000
310,alisanaei,X.com/alisanaei,Ali Sanaei 🎒,8506882
311,amin_k22,X.com/amin_k22,🎒امین کشاورزی,716650437647073000
312,amir_kshd,X.com/amir_kshd,AMIR 🎒,1331941605297830000
313,amirhoseindesh,X.com/amirhoseindesh,🎒☫Amirhosein☫,1808159398763560000
314,ammar63087,X.com/ammar63087,عمار🎒,1923533571685590000
315,aqolizadeh,X.com/aqolizadeh,علی قلی,818203818718593000
316,arahmadimoughad,X.com/arahmadimoughad,alirezaahmadimoughadam🎒,1354006223109020000
317,arefyazdanii,X.com/arefyazdanii,عارف یزدانی 🎒,705144062056276000
318,arshiadriverr,X.com/arshiadriverr,عرشیا🎒,1709406093967840000
319,arshm90,X.com/arshm90,ali 🎒,959924677
320,asemanbarany,X.com/asemanbarany,aseman 🎒🇮🇷,2207806412
321,ashoochehr,X.com/ashoochehr,Ashoodokht🎒اشودخت,950641035926843000
322,assal_baroun,X.com/assal_baroun,Fa 🎒,1011555425718820000
323,atamin1995,X.com/atamin1995,🎒ata,2059910983049490000
324,aziranma,X.com/aziranma,از سرزمینم 🎒,1795391851903570000
325,bache_modir,X.com/bache_modir,بچه,1943561187968650000
326,baran14281022,X.com/baran14281022,🎒baran,1584602877380730000
327,baranbahari3254,X.com/baranbahari3254,باران بهاری🎒,1165558417731330000
328,barkhordar_ir,X.com/barkhordar_ir,غلامعلی 🎒,1795729863799600000
329,beman__baman,X.com/beman__baman,باران بهاری 🎒•,1062066728442760000
330,bentolmostafa,X.com/bentolmostafa,fatemezahrarajabi🎒,1593673217658570000
331,blankfornow23,X.com/blankfornow23,Alex 🎒🍉,1717900649378040000
332,bobbyknucksss,X.com/bobbyknucksss,AE 🎒,1293434153950690000
333,cH4T_qU1_V0m1T,X.com/cH4T_qU1_V0m1T,cH4T_qU1_V0m1T φ 🐢 𓂆 🇵🇸 🎒 ☫,1625884924048820000
334,cathrinemedici,X.com/cathrinemedici,مِدیچی🎒,942013373457289000
335,chavoshan_ir,X.com/chavoshan_ir,رضا چاوشان 🎒,730565431
336,chdkidaizy,X.com/chdkidaizy,🎒psych🍉🇵🇸🇱🇧🇮🇷,2800068580
337,cherrypie_berry,X.com/cherrypie_berry,blue🇵🇸🎒,2005294372888440000
338,chicapoleo,X.com/chicapoleo,Azad🎒,1934763591133220000
339,constnt_trvlr,X.com/constnt_trvlr,🎒Amir🎒,760941042392769000
340,cryptobaz777,X.com/cryptobaz777,🎒mesi,1367899209052090000
341,dammah2025,X.com/dammah2025,Mohammadreza 🎒,1866143398341560000
342,darabism,X.com/darabism,🚩 سید مصطفی دارابی 🎒,267341586
343,daraei1384,X.com/daraei1384,🎒 Mr.Tweet farsi,1571960632718520000
344,dekho1000,X.com/dekho1000,🎒 محمد آزادی,3398813031
345,dokhtarebar_6,X.com/dokhtarebar_6,دخت بهار ☫ 🎒,1869223239266030000
346,dokhte_irane57,X.com/dokhte_irane57,☫دختر ایران☫🎒,1576075530507540000
347,dokhtttt,X.com/dokhtttt,Mah 🎒,3699930257
348,earthygirl011,X.com/earthygirl011,Mrs Gee 💚🇵🇸🎒,2014606145441120000
349,ebMercury,X.com/ebMercury,🎒Mercury,878407613205148000
350,edris_vahdat666,X.com/edris_vahdat666,ادریس وحدت | Edris vahdat🎒,1026777100479550000
351,elahe6266,X.com/elahe6266,الهه ریوندی🎒,2042216163485050000
352,enio_mori,X.com/enio_mori,موری دِ گرِی🎒,1597667809076680000
353,erfaniiom,X.com/erfaniiom,🎒 عرفان,1445781928741720000
354,eskandar_Baghbn,X.com/eskandar_Baghbn,اسکندریوم:) 🎒,1473927464107850000
355,etemad_vahid,X.com/etemad_vahid,Vahid Etemad 🎒,938892867975737000
356,f_mustafavi,X.com/f_mustafavi,فاطمه مصطفوی🎒,1891555510413030000
357,fadaeirahbar110,X.com/fadaeirahbar110,seyed🎒,1142302848530750000
358,fahimeh_chh,X.com/fahimeh_chh,🇮🇷🎒 فمی,62253359
359,farrlover,X.com/farrlover,☫ 𝔇𝔞𝔫𝔦𝔢𝔩 ☫ 🎒,914051717662114000
360,farschideh,X.com/farschideh,Farshideh🎒,256668246
361,fatemeh_sadat91,X.com/fatemeh_sadat91,خانم فردوس 🎒,1299276804696440000
362,fazel_rajabipor,X.com/fazel_rajabipor,فاضل(🎒),879768078573326000
363,feizimedia,X.com/feizimedia,Reza Feizi 🎒,821769093535699000
364,fekrooooo,X.com/fekrooooo,🎒عمو قاسم,1661483110414910000
365,freeworld313_12,X.com/freeworld313_12,FREE WORLD 313 |🎒,1951190837515240000
366,g_jamedaran,X.com/g_jamedaran,🎒جامِه,1291082683406260000
367,game_chanja,X.com/game_chanja,Minab 🎒🇮🇷,855682746215281000
368,gandombanoooo,X.com/gandombanoooo,🎒گندم بانوی ایران💚☫❤️,1729763293986740000
369,ghargoozsanj,X.com/ghargoozsanj,🎒قار بووق سنج,1873130794547340000
370,gholami_farzane,X.com/gholami_farzane,🎒⚓️ایران,1269891542862360000
371,glngila,X.com/glngila,Saboo🎒,1933485732040980000
372,goli00098,X.com/goli00098,🎒☫ 🇮🇷goli,1807460510322900000
373,golnoosh1,X.com/golnoosh1,🎒گلنوش,327836912
374,gooloo_ziz35839,X.com/gooloo_ziz35839,🎒♧Ehsan♧,1926673480298170000
375,gulabaton_22,X.com/gulabaton_22,گلابتون🎒,1068584500505010000
376,h_gandomkar,X.com/h_gandomkar,🎒حسن گندمکار,959776835474285000
377,hadisenafs,X.com/hadisenafs,🎒حدیث نفس,990657033757217000
378,hajk1,X.com/hajk1,🎒 حاج کیوان,14961131
379,hajmilad_mse,X.com/hajmilad_mse,میلاد صالحی ( اکانت دوم )🎒,2049484134846700000
380,hajmilad_salehi,X.com/hajmilad_salehi,🎒milad salehi|حاج میلاد صالحی,1842203556302230000
381,hamedthk72,X.com/hamedthk72,Hamed Taghizadeh 🎒,826139674863403000
382,hamidmahdavini2,X.com/hamidmahdavini2,hamid mahdavinia🎒,1564340943330990000
383,hamidrezaya,X.com/hamidrezaya,سرباز وطن 🎒,283128501
384,haniehbln,X.com/haniehbln,🎒 هانیة,1213368644
385,hannabaker13rw,X.com/hannabaker13rw,خانوم میزل 🎒,1152668285965490000
386,hassimo313,X.com/hassimo313,دنیل مارگارته🎒,1290702713421020000
387,havaspaart,X.com/havaspaart,🎒 حیران,1204881384126460000
388,hemasehkhan,X.com/hemasehkhan,محمدعلی آهنگران🎒,2047359362646360000
389,hezardastan1981,X.com/hezardastan1981,hezardastan1980,948960191600578000
390,hnaseri67,X.com/hnaseri67,حسین ناصری 🎒,1573929705857770000
391,hoda_najafii,X.com/hoda_najafii,هدی نجفی🎒,2046336136872690000
392,home__land__,X.com/home__land__,Home Land 🎒,301469170
393,horrenghelabi1,X.com/horrenghelabi1,ضیاء 🎒,1615326360213270000
394,hosini80,X.com/hosini80,بانوی بهار 🌺🎒,1405021081258360000
395,hosna_76,X.com/hosna_76,حُسنا شریفی🎒,1807139991253870000
396,hossein77dev,X.com/hossein77dev,hossein♥️🤍💚🎒🚢💔,879339029698929000
397,hossein_zre,X.com/hossein_zre,hossein 🎒,1766438832256300000
398,hosseini_t,X.com/hosseini_t,Hossein 🇮🇷🇸🇩 🎒,1211206273
399,hosseinzadeh_10,X.com/hosseinzadeh_10,جرم بچه مدرسه ای چی بود حروم زاده ؟!🎒🖤🥀,2059857765397340000
400,iamelibanoo,X.com/iamelibanoo,elibanoo 🎒,1216424418903280000
401,iammohmed_,X.com/iammohmed_,🎒S.Mohsen Mousavi,995327190697902000
402,ideal_freak,X.com/ideal_freak,سَیّد اِدیتُورّ🎒,930140971412705000
403,ilia_mahami,X.com/ilia_mahami,🎒,947988377424613000
404,impersian_ir,X.com/impersian_ir,Mohammadreza 🎒,1978473050908800000
405,iran18189,X.com/iran18189,Alireza🎒,1507707776126100000
406,itstemy,X.com/itstemy,🎒 temy,1885674167166770000
407,jalilmoheby,X.com/jalilmoheby,جلیل محبی 🎒 JALILMOHEBY,860947489515614000
408,jalilyonline,X.com/jalilyonline,Somaieh Jalily ,46863210
409,justamiss96,X.com/justamiss96,اَمیس🎒,1453691519542700000
410,kablaee22,X.com/kablaee22,Kablaee🎒,1845151469747460000
411,kaf_non53,X.com/kaf_non53,•کاربر ایرانی🎒•,1880127067083140000
412,karimkhany,X.com/karimkhany,🎒 احسان,321853693
413,kasno_1,X.com/kasno_1,🎒決して 愛 されなかった 男,1669625506512220000
414,khademmoreza,X.com/khademmoreza,Dr.davar.leyli 🌱☫🎒,1925609943039950000
415,khalenanaa40,X.com/khalenanaa40,خآلِه نَعّنآ🎒,1504177418554250000
416,khanoommhajiii,X.com/khanoommhajiii,خانــم,1581501836846110000
417,khashayarjl,X.com/khashayarjl,🎒خشایار جمشیدی,2357420813
418,khoda25,X.com/khoda25,طــــــ🎒,1350483499099310000
419,kian_irani688,X.com/kian_irani688,🎒 محمد رحیمی/کیان ایرانی,1963416377798400000
420,kochar_ir,X.com/kochar_ir,کــوچـَــر (קוצ'ר)🎒,1342397346836070000
421,laili_dideban63,X.com/laili_dideban63,لیلا دیده بان🎒,1496098469202710000
422,larak1985,X.com/larak1985,Lara 🎒,2040634063497610000
423,leylajun,X.com/leylajun,🎒leyla,1795027246173790000
424,leylajunn,X.com/leylajunn,Leyla🎒,1747105774042480000
425,limitedinfinit,X.com/limitedinfinit,Kaveh 🎒,61584425
426,m_mikaeel_2011,X.com/m_mikaeel_2011,🎒🟩☫🟥Ya Mahdi🟩☫🟥🎒,1990743930569440000
427,m_ostad4148,X.com/m_ostad4148,میم.استاد 🎒,2043213952172150000
428,m_shahbazi1,X.com/m_shahbazi1,فرزند ایران🎒,1908105414580820000
429,m_vegan8,X.com/m_vegan8,m 🎒🚢,2015682300738930000
430,mahdi345135944,X.com/mahdi345135944,🎒💔mahdi,1704577035895510000
431,mahdi_afzali_m,X.com/mahdi_afzali_m,🎒M.mahdi_afzali,2059280668039790000
432,mahdi_talesh,X.com/mahdi_talesh,تالش🎒💔,1858524118439630000
433,mahjin7,X.com/mahjin7,mahsa:)⁷🎒,1106903116765630000
434,mahtabshab14,X.com/mahtabshab14,فاطی 🎒🍉,2058622524926080000
435,mahya_a17,X.com/mahya_a17,محیا,1292304163955670000
436,malekshariati,X.com/malekshariati,مالک شریعتی🎒,1208092430123230000
437,mamiiii_mamiii,X.com/mamiiii_mamiii,Mami Mami🎒,1891792013017870000
438,marde_jawan,X.com/marde_jawan,🎒 مرد جوان,1641089175368730000
439,margoliiiii,X.com/margoliiiii,Margol🇮🇷 🎒,863126723205898000
440,marjaneabaszade,X.com/marjaneabaszade,مرجانه 🎒,1774893641284170000
441,mashroteh_khah,X.com/mashroteh_khah,🎒 مشروطه خواه,595445152
442,masi_mim,X.com/masi_mim,م. محمدی🎒,997555404413469000
443,mastsne007,X.com/mastsne007,Mastane007🎒,2041223320817770000
444,mehdiiaq,X.com/mehdiiaq,مهدی ایرانی 🎒,2955963872
445,mehmeh1363,X.com/mehmeh1363,Mehdi D 🎒,1518946841311830000
446,mehrakiiiii,X.com/mehrakiiiii,مهرک 🎒,1573914447139250000
447,mehrzadega55751,X.com/mehrzadega55751,Paree_Mehrzadegan 🎒,1942001267070710000
448,melikakhatoon,X.com/melikakhatoon,🎒مليكا,1877845795812380000
449,mesbah135,X.com/mesbah135,نَجْـمُ,1876517383638320000
450,meysamrost88638,X.com/meysamrost88638,meysam 🎒,1874542750609320000
451,mh_chavoshi,X.com/mh_chavoshi,محمدحسین چاوشی🎒,706075219052650000
452,mhcz128,X.com/mhcz128,محمدحسین چاوشی🎒,893224400006283000
453,mhmdigl,X.com/mhmdigl,عمران گل,1847202819901700000
454,mhsn6406,X.com/mhsn6406,مُحْسِنْ🎒,2997546289
455,mikaeilp444,X.com/mikaeilp444,Mike P میکائیل 🎒,1247981964839220000
456,mim205zm,X.com/mim205zm,«عمو میثم»🎒,2016148834045290000
457,mim_dal_,X.com/mim_dal_,میم. دال 🎒,883731581810209000
458,mimtheman1940,X.com/mimtheman1940,🎒memenoonmeme | زراد خان 🟩☫🟥🍉,2041945969684550000
459,minininjalove,X.com/minininjalove,MiniNinjaLove ˈnɪnʤə’ ∞🎒,1001201832142820000
460,miri_sayeh,X.com/miri_sayeh,🎒Sayeh Miri,1119592452422290000
461,mirzamohsen_Gr,X.com/mirzamohsen_Gr,🎒 Mohsen.Geranbaha,1059200925615630000
462,mispentyouth99,X.com/mispentyouth99,shushu 🎒,1241769691560870000
463,missroha128,X.com/missroha128,مجانب قائم🎒,2048880147869090000
464,mkzamanifard,X.com/mkzamanifard,محمدکاظم زمانی,1396074161127180000
465,mmohammadpoor1,X.com/mmohammadpoor1,خانم محمدپور🎒,1051521535721300000
466,mo_ali_n,X.com/mo_ali_n,🎒ALI,850670206879924000
467,moallem_khaste,X.com/moallem_khaste,الi 🎒,2036285470171430000
468,mohaddes78,X.com/mohaddes78,🎒محدث سید,1806092982225110000
469,mohade3_rezaei,X.com/mohade3_rezaei,🎒ماهی,857637622361072000
470,mohammadreza98f,X.com/mohammadreza98f,محمدرضا 🟩☫🎒,89788418
471,mohebolhossein1,X.com/mohebolhossein1,کَلای مهدی 🟩☫🟥🎒,1794447639032770000
472,mohiran369,X.com/mohiran369,🌻🍉🎒 مسیر سرخ,1306183138331290000
473,mohsen__a,X.com/mohsen__a,🎒 محسن ع,1215584186905650000
474,mohsenfarsi02,X.com/mohsenfarsi02,Iran Azad 🎒,543313337
475,mohsensstn,X.com/mohsensstn,🎒Mohsen S,3123947613
476,mojtahedT,X.com/mojtahedT,🎒سید فامیل زاکانی,1915206099654820000
477,monarchistIRAN,X.com/monarchistIRAN,ex-monarchist iran 🎒,1247195838125920000
478,moradi__313,X.com/moradi__313,🎒زهرا مرادی☫,1675723932643520000
479,morteza_kaka313,X.com/morteza_kaka313,🎒مــــ رتضـــ یٰ کاکـــــا ☫,1610446766779790000
480,mr_ali_musavi,X.com/mr_ali_musavi,🎲🎒 علی موسوی,1542480831964500000
481,mtabarestani1,X.com/mtabarestani1,rad🎒,1937319424656020000
482,mtavakoliann,X.com/mtavakoliann,مُحْسِنْ 🎒,790148866314207000
483,muzamilhkhanday,X.com/muzamilhkhanday,Hussain 🎒,1950120500627180000
484,n_brti1984,X.com/n_brti1984,نورا براتی🎒,1479300580262570000
485,nahiid_movahed,X.com/nahiid_movahed,🎒ایران خانم جان🎒,1840246989168230000
486,nargesi__63,X.com/nargesi__63,نرگسی🎒,1038546043925930000
487,narjes_31180,X.com/narjes_31180,خانم پرستار🎒,1476266675020480000
488,naziholylight,X.com/naziholylight,🚢My.Lovely.Iran 🎒,1990129268224040000
489,neghah13,X.com/neghah13,آلفرد🎒,1507757356393940000
490,pancherkhan,X.com/pancherkhan,mash agha khan 🎒,1714788429958110000
491,parastoyekhoda,X.com/parastoyekhoda,🎒 پرستوی خدا,894185707476062000
492,parima19683,X.com/parima19683,🎒بهنیا,1416101126978640000
493,passenger2019,X.com/passenger2019,مسافر🎒,1095101528241830000
494,persi4cs,X.com/persi4cs,persiaIrani.s 🎒,1030791251862400000
495,pesian_ranker,X.com/pesian_ranker,Nav Dena🛥️جانفدای ایران🎒Minab168🎒,1748471425608960000
496,peygir_,X.com/peygir_,peygir🎒,1961003515331130000
497,peymanr_farsi,X.com/peymanr_farsi,🎒 پیمان رزاقی,2034821215295360000
498,pinkpanter132,X.com/pinkpanter132,سین.الف🎒,1239106332256600000
499,plekhmun,X.com/plekhmun,🎒Plekhmun💚☫❤️,1865757215870660000
500,pontiuspilateIR,X.com/pontiuspilateIR,Pontius Pilate(SILENCED by X 🤐)🎒,906104604
501,pouryatkaronto,X.com/pouryatkaronto,Pourya Zarasvand 🎒,2029090188887230000
502,pro__signal,X.com/pro__signal,professional signal 🎒,1479369646688120000
503,professor_766,X.com/professor_766,پروفسور 🎒,1396427868595450000
504,pulsirani,X.com/pulsirani,Majid🎒,2031751495692200000
505,punishedmazdak,X.com/punishedmazdak,mazdak 🎒,2041629158766150000
506,qcCultural,X.com/qcCultural,Quociente Cultural® 🎒,15896379
507,rachel_aas,X.com/rachel_aas,Rahil S 🎒,3283976076
508,radmard_s22256,X.com/radmard_s22256,☫اقیانوسی کم,1681185164565540000
509,raminjafariam,X.com/raminjafariam,Ramin 🎒,305608916
510,ramprai,X.com/ramprai,Yitzhak Prai 🎒🇨🇺🇬🇱🇵🇸,449148677
511,rap1stcat,X.com/rap1stcat,گربه متجاوز 🎒,1151805699627910000
512,razaghimorteza1,X.com/razaghimorteza1,Morteza Razaghi🎒,1585735389872110000
513,rebrahimi,X.com/rebrahimi,🇮🇷🎒 🟥 ☫ 🟩 رضا ابراهیمی,154842478
514,refigh_jalal,X.com/refigh_jalal,سید خندان 🎒,735708053241090000
515,resistmeme,X.com/resistmeme,soren 🎒,3350337239
516,revayateman,X.com/revayateman,مهدی غنچه🎒,962460685568487000
517,reyhanehjabarii,X.com/reyhanehjabarii,🎒ریحانه جباری نسب,2054497618630480000
518,rezaabdolm80622,X.com/rezaabdolm80622,🎒reza🎒,1700800799398310000
519,rk818697,X.com/rk818697,رضا ک.🎒,819156793
520,rmzni56,X.com/rmzni56,سرباز وطن🎒,1880129020894840000
521,rnamdari,X.com/rnamdari,Reza Namdari🇨🇦🎒,56129549
522,s_rahgozarr,X.com/s_rahgozarr,رهگذر☫🎒,1837491429977020000
523,saadia_nm,X.com/saadia_nm,Anti Zionist 🎒,2416404084
524,sadat756324603,X.com/sadat756324603,🎒🌸سادات حسینی🌸🎒,1636765858679730000
525,saeedalidaie,X.com/saeedalidaie,Saeed_alidaie 🎒,822871293657829000
526,saharenamdar,X.com/saharenamdar,🟥☫🟩 ƶ_ɓαɳเ αɦɱα∂เ,1436993898551850000
527,sahebam_ir,X.com/sahebam_ir,صاحبم🎒,1960045353920780000
528,sajadshia,X.com/sajadshia,🎒 sajad azari 🟩 ☫ 🟥,2479783470
529,salmanrood,X.com/salmanrood,🎒خانم ن.سلمان💚☫❤,806084201141387000
530,samanmahmoudi9,X.com/samanmahmoudi9,🎒 samanmahmoudi,1163803383297450000
531,sanazjai1377,X.com/sanazjai1377,ساناز طلبه انقلابی🎒,1291477227817830000
532,sanjaghakebishe,X.com/sanjaghakebishe,سنجاقک بیشه🛳️🎒,1893875227022460000
533,saradaliri2,X.com/saradaliri2,🎒sara🎒,1608360399996430000
534,sarcheshmi,X.com/sarcheshmi,🎒پگاه. حسینی.,1390634042861760000
535,sayad_133,X.com/sayad_133,سید علی صیاد 🎒,1595486730282490000
536,sed_mmdd,X.com/sed_mmdd,سِد مَمَد🎒,1454407945375170000
537,sedna_m78,X.com/sedna_m78,سدنا 🎒,2061816870802700000
538,semes1415,X.com/semes1415,🎒Shadow Commander,1555053984993480000
539,seyedmahdi11,X.com/seyedmahdi11,آسِید مهدی💪🏻🟩 ☫ 🟥🎒,827928488686547000
540,seyyed_relax,X.com/seyyed_relax,🎒 seyyed 🟥 ☫ 🟩,918922421448642000
541,shaaki_shaaki,X.com/shaaki_shaaki,🎒 شاکی,1837911650831060000
542,shahidhemmat1,X.com/shahidhemmat1,مرضیه بانو🎒,1057705808266440000
543,shamlouzhr,X.com/shamlouzhr,Zahra🎒,2043994092367980000
544,sharen_mm,X.com/sharen_mm,Shabnam🇮🇷🎒,1225985652359120000
545,shivaHormuz,X.com/shivaHormuz,Shiva 🎒⚓️,2042563241545500000
546,silvermairi,X.com/silvermairi,Máiri 🎒,1809314988944940000
547,sm_eft,X.com/sm_eft,برنـگزیده:)🎒,1346831274409950000
548,smelmi,X.com/smelmi,🎒sayed mahdi elmi hoseini,273655864
549,snakefruit44,X.com/snakefruit44,Snake Fruit 🎒,1735008632
550,soltonaliii,X.com/soltonaliii,jefri🎒,1957896699743010000
551,studio_1357,X.com/studio_1357,مهدی رضایی🎒,959142611025060000
552,t0m_bayeye,X.com/t0m_bayeye,#RutoMustGo 🎒 🟩☫🟥 🇵🇸 🇱🇧 🇸🇩 🇨🇩,1700853403004330000
553,talhakheybar,X.com/talhakheybar,Talha🎒,2032085292740710000
554,tavasol313,X.com/tavasol313,دختِ بینه🎒,1793626085709450000
555,techdr655,X.com/techdr655,☫ Hadi ☫ 🎒,1793949783620830000
556,thesilversats,X.com/thesilversats,𝑰𝒕𝒔 𝒛𝒂𝒓𝒂🎒🛥️( پرچم رسمی ایران )🇵🇸🇪🇦,1215740413274930000
557,thfAli9thy,X.com/thfAli9thy,Ali🎒,2063974783243450000
558,tractooor1362,X.com/tractooor1362,🎒❤️IRAN❤️Tractor driver,1894773747506150000
559,triana_juanda,X.com/triana_juanda,🎒 Mega Triana Juanda,4144515493
560,umash9,X.com/umash9,rofl_duniya🌾🚜🇮🇳🇮🇷🍉🎒,2272499280
561,unique_fella,X.com/unique_fella,Amir Biganeh🎒,4832939187
562,uzzpac,X.com/uzzpac,Hossein 🎒,1549254977582940000
563,vahid_taghavii,X.com/vahid_taghavii,وحید تقوی🎒,3077626955
564,vatandoust12,X.com/vatandoust12,🎒وطن,1380443104692500000
565,vefaghemelli,X.com/vefaghemelli,وفاق ملی 🎒,1527749620159370000
566,xpresenterxeli,X.com/xpresenterxeli,☆🎒 Elaheh,1546644835649700000
567,ykarimi_,X.com/ykarimi_,یعقوب کریمی 🎒,1177968577653200000
568,yyazdanparast,X.com/yyazdanparast,yavar yazdanparast 🎒,371601899
569,z_rouzpaikar,X.com/z_rouzpaikar,زینت بابام🎒❤️🤍💚,1413950761357230000
570,zahra_Mahs,X.com/zahra_Mahs,🎒زهرا,1585924517444160000
571,zahra_eb71,X.com/zahra_eb71,زهرا🎒,1540070943808270000
572,zarinnam,X.com/zarinnam,🎒 مهدی زرین,2194127207
573,zeynab_banoo313,X.com/zeynab_banoo313,zeynab🎒,1372745584809960000
574,zmohebian,X.com/zmohebian,Zohre Mohebian 🎒,1318875683330900000
575,zohreh_javadfar,X.com/zohreh_javadfar,Zohreh Javadfar🎒,1213530582317090000
576,zulsery,X.com/zulsery,🎒Zuls,1635741944105110000
577,zvonko2026,X.com/zvonko2026,ISHKA 🎒,2006561965343390000
578,zynb2003brzn,X.com/zynb2003brzn,◜𝐳𝐞𝐲𝐧𝐚𝐛|🎒¹⁶⁸◞,1946570780399010000
579,6731samm,X.com/6731samm,علی عادل IRAN🟥☫🟩,868157002907832000
580,7sardar7,X.com/7sardar7,سردار ☫,1338808871226400000
581,ABDULMALIK64744,X.com/ABDULMALIK64744,"Quαnτum (🇯🇴,☫)",1755176657936120000
582,ALI_KHOSH_SIMA,X.com/ALI_KHOSH_SIMA,🇵🇸 🏡 🟥 ☫ 🟩 علی خوش سیما {ARCHITECT📐},1148876925080920000
583,A_m_meymand,X.com/A_m_meymand,🟩☫🟥امیرحسین مرتضی زاده میمند,1246085915665150000
584,Abane_65,X.com/Abane_65,پناه🦋☫,1524129120367560000
585,Abbasinan73,X.com/Abbasinan73,عباس اینانلو 🟥 ☫ 🟩,758253562933588000
586,AhmadReza1417,X.com/AhmadReza1417,احمدرضا 🟥 ☫ 🟩,812993596580237000
587,Aida2791,X.com/Aida2791,🟩☫🟥Aida,1246187042654110000
588,AlabiOse,X.com/AlabiOse,Uthmany ☫,1971843262261450000
589,Amid_1030,X.com/Amid_1030,این نیز بگذرد🗿🗿🟩☫🟥,1451571674642590000
590,Anira_61,X.com/Anira_61,🟩 ☫ 🟥 anira آنیرا,1417270475420480000
591,AntiWestGuy,X.com/AntiWestGuy,☫ Aly دنبال کننده,1754600904383200000
592,Aryan8208,X.com/Aryan8208,Aryan.A🟩☫🟥,1244197287062120000
593,Azar_059,X.com/Azar_059,Azar ☫,1601678405409380000
594,B8B11,X.com/B8B11,🇵🇸🇱🇧🇾🇪🇮🇶☫8adr11☫🇻🇪🇪🇸🇮🇪🇳🇴🇸🇮,1250026351
595,BNazanin12147,X.com/BNazanin12147,فاطمه ☫,1933339827258240000
596,BadaliSabi6872,X.com/BadaliSabi6872,☫سبیله☫,1685215677722820000
597,BahareSharifiy,X.com/BahareSharifiy,❤️☫💚 بهاره شریفی,1798160853411250000
598,BamaramSaeed,X.com/BamaramSaeed,سعید بامرام ☫,1421755167804850000
599,BdalmlkM77522,X.com/BdalmlkM77522,عبدالملك ☫,1816070485412830000
600,Bijan43214,X.com/Bijan43214,IR-Bijan-IR 🟩☫🟥,1560971554271490000
601,Brother_mostafa,X.com/Brother_mostafa,🚩برادر مصطفی☫,1110228234086440000
602,Communislamism,X.com/Communislamism,WaNaCa 🟥☫🟩,1930155525758400000
603,DShu91,X.com/DShu91,SHUAiB🇮🇶🟩☫🟥l🇱🇧🇾🇪,1577558305270110000
604,DaM45581,X.com/DaM45581,توفکر 🟩☫🟥,1649864590455450000
605,Des2reserva,X.com/Des2reserva,Des Soc ☫ 🪂,1817195848755020000
606,Doc_m_7,X.com/Doc_m_7,🟥 ☫ 🟩🇾🇪Dr.m,1175049198057720000
607,DrMohaqeqi,X.com/DrMohaqeqi,د.حسین محققی ☫🇮🇷,878040664726012000
608,Dr_fathi_davood,X.com/Dr_fathi_davood,🟩☫🟥داود فتحی,888402846646981000
609,EEbadi313,X.com/EEbadi313,احسان عبادی / Ehsan Ebadi 🟩 ☫ 🟥,850789733982769000
610,Ebrahim_Zolfgri,X.com/Ebrahim_Zolfgri,Ebrahim Zolfaghari ☫,2060056339582180000
611,Ehsan3851,X.com/Ehsan3851,Ehsan385🟥 ☫ 🟩,977843916157407000
612,Faam_maaH,X.com/Faam_maaH,faam_maah☫🙋🏻,1449682497239930000
613,Fateme07005731,X.com/Fateme07005731,آلاله✍️ ☫🏴,1247454111349350000
614,Fatima_the7,X.com/Fatima_the7,𝐅𝐚𝐭𝐢𝐦𝐚☫,886264415951233000
615,Fatimawqh,X.com/Fatimawqh,Fatima ☫ 🇱🇧💛✨,2056773913955200000
616,HafezSamirAssad,X.com/HafezSamirAssad,☫卍 النقيب حافظ سمير الاسد,1784353916882160000
617,HaidarAkarar,X.com/HaidarAkarar,Haidar Al-Karrar ☫,279942689
618,Haj_Rezvan333,X.com/Haj_Rezvan333,🇵🇸 ☫ حاج رضوان,931914944941056000
619,HakanGuvercin,X.com/HakanGuvercin,Hakan Guvercin 🇵🇸🍉🔻𓂆 ☫,117198544
620,HamedRezaH7H,X.com/HamedRezaH7H,🟥 ☫ 🟩Hamed Karimi,1593632511900490000
621,Hikari_sunlight,X.com/Hikari_sunlight,🟥☫🟩Hikari,1588143357682930000
622,Hosseinighehi,X.com/Hosseinighehi,⚖️ سیدمهدی حسینی قهی☫ ⚖,48510791
623,HugoSenart,X.com/HugoSenart,یوسُفــــ (اوگو سِنار) ☫,1378463693818710000
624,ILoveTirpitz001,X.com/ILoveTirpitz001,Adam Khaldun 🏴,1709264639953910000
625,IRAN_in_NL,X.com/IRAN_in_NL,"☫ Iran Embassy in The Hague, The Netherlands",1031859829026050000
626,Ibn_Ummih,X.com/Ibn_Ummih,🇯🇴☫,1967973338606650000
627,IiMustfe,X.com/IiMustfe,☫ مصطفى أبا الفضل الساعدي 🇮🇶,759164936392208000
628,Iman67633,X.com/Iman67633,🟩 ☫ 🟥 iman6763,898876446055297000
629,Iran_Tigerll,X.com/Iran_Tigerll,🟥☫🟩 tiger,1443471964652260000
630,IrnaEnglish,X.com/IrnaEnglish,IRNA News Agency ☫,813279088865645000
631,Ismaelkhaani,X.com/Ismaelkhaani,𝐈𝐬𝐦𝐚𝐢𝐥 𝐊. 𝐇𝐢𝐥𝐥𝐨𝐰𝐥𝐞 𝐌𝐁𝐀 ☫,1573399221520270000
632,IvanBuchanJanus,X.com/IvanBuchanJanus,Ivan Янушкевич ☭🔻☫🇵🇸🇱🇧🇾🇪🇻🇪🇷🇺🛸,313400612
633,Jordigave,X.com/Jordigave,Jordi Garriga 🇪🇸🇾🇪🇨🇳🇷🇺🇵🇸🏴☫,183786438
634,Jose35569692962,X.com/Jose35569692962,Nox’d ,1905397603325610000
635,Khalifah_313,X.com/Khalifah_313,Hussein IM_313 💚 ☫ ❤️🇵🇸,948211673722171000
636,Lajbaz2233,X.com/Lajbaz2233,Behzad💚☫❤,1215569964037480000
637,M66Mi141359,X.com/M66Mi141359,وهبرز 🟩☫🟥,1933557217828970000
638,MAHDIW20510182,X.com/MAHDIW20510182,M A H D I .W 🟩☫🟥,1025833276009860000
639,MO21_ALI,X.com/MO21_ALI,محمدعلي الايراني☫,1634456821602680000
640,MahMan1232,X.com/MahMan1232,ملکا خانوم💚☫❤️,1857346984417400000
641,MahdiSoltan88,X.com/MahdiSoltan88,مهدی سلطان احمدی 🟥 ☫ 🟩,1043591131978720000
642,Melika_2005,X.com/Melika_2005,ܩـلیـڪا,1572553116121290000
643,Mim_Emadi,X.com/Mim_Emadi,Mojtaba Emadi ☫,1467799403066970000
644,Moheb1387,X.com/Moheb1387,مُحِب☫,2059952356649780000
645,Mohsen_aliabadi,X.com/Mohsen_aliabadi,محسن علی,712373630324351000
646,MojtabaNoo48189,X.com/MojtabaNoo48189,مجتبیM.N.R 🟥 ☫ 🟩,1988932303557650000
647,MokiJoon89,X.com/MokiJoon89,BlackMoth ☫,2019377814911480000
648,Moslehi_m_m,X.com/Moslehi_m_m,محمدمهدی,1246421846817470000
649,Naia10075,X.com/Naia10075,🟩☫🟥 Kamangir,1785283944146940000
650,Narjes_Rahmati,X.com/Narjes_Rahmati,Narjes Rahmati 🟩☫🟥 نرجس رحمتی,1805333100735740000
651,NoRightToSpeak_,X.com/NoRightToSpeak_,☫🚀🔥🇺🇲🇮🇱🔥,1911844583635290000
652,Noboby,X.com/Noboby,Amir 🟩☫🟥,54684548
653,P0liticalscienc,X.com/P0liticalscienc,💚☫❤️DRMZ,1667183618685390000
654,PcsAtlas,X.com/PcsAtlas,Pcs Atlas ☭ 𓂆 ☫,4343129476
655,Pianist_ir,X.com/Pianist_ir,Pianist ☫,1242581035038150000
656,PowerToTheProle,X.com/PowerToTheProle,Nikolaos ☫,2017081871796990000
657,RahaDarSokoot,X.com/RahaDarSokoot,ناریکا💚☫❤️,1250850824978400000
658,Rahil__68,X.com/Rahil__68,رحیل 🟩☫🟥,1380822334425150000
659,Rd_Irani,X.com/Rd_Irani,الرادع الإيراني☫,2014098815989490000
660,RedResister_X,X.com/RedResister_X,☫ کیان فر,1941462231285190000
661,Rezaahadi_ir,X.com/Rezaahadi_ir,for peace in iran🟩☫🟥,1114987200838610000
662,Rezamaghami_ir,X.com/Rezamaghami_ir,Reza maghami🟩☫🟥,2061701913192650000
663,SHO_1940,X.com/SHO_1940,يَاسِين يُوسُف ☫,1965430864231500000
664,Saeidi_Saeid3,X.com/Saeidi_Saeid3,🟥☫🟩 سعید سعیدی,1415038048467830000
665,Salahuddin_quds,X.com/Salahuddin_quds,Salahuddin☫,2049614332733060000
666,Samarviews,X.com/Samarviews,KS Samar ☫,1153695517429230000
667,Sara_sal222,X.com/Sara_sal222,🚩 Sara ☫ Saleh 🚩,1569359670539690000
668,SarahMahja25793,X.com/SarahMahja25793,Sarah Mahjabin 🇪🇬 🟩☫🟥,1913641326547240000
669,ShaheenSD619,X.com/ShaheenSD619,Shaheen 🟩☫🟥,22743299
670,Shima4Ali,X.com/Shima4Ali,☫شیما☫,1679836569593680000
671,Soheil_Os,X.com/Soheil_Os,SoHeiL|I.R.IRAN🟩,3455948776
672,Syedhasnain_92,X.com/Syedhasnain_92,Syed Hasnain Abbas ☫,1800482448226000000
673,Tayyebehmeshkia,X.com/Tayyebehmeshkia,Tayyebeh Meshkian |طیبه مشکیان 🟩☫🟥,1024731737656630000
674,XaviPortales,X.com/XaviPortales,Xavi Portalés 💚☫❤️🧻🌳👨🏼,123216018
675,ZQazvinian,X.com/ZQazvinian,Z Qazvinian❤️☫💚,1681218622474130000
676,Zakhmeh12,X.com/Zakhmeh12,زخمه🟥 ☫ 🟩,1442802974540060000
677,Zinad_313,X.com/Zinad_313,زنـ𓂆ـاد || Trigger ☫,1720558147809490000
678,_mohsen369,X.com/_mohsen369,🟥 ☫ 🟩 Mohamadi,1265811687250240000
679,abdolahzadeh_ir,X.com/abdolahzadeh_ir,🟩☫🟥𝒜𝓁𝒾 𝒜𝒷𝒹☫𝓁𝓁𝒶𝒽𝒵🦚𝒹𝑒𝒽,551848067
680,aletaha69,X.com/aletaha69,محمد گودرزی زاده 🟥☫🟩,1222485063641730000
681,ali_ghezelayagh,X.com/ali_ghezelayagh,🟥 ☫ 🟩ali_ghezelayagh,889801394756178000
682,ali_lotfinia,X.com/ali_lotfinia,علی لطفی ☫,1151601231787370000
683,alitam113,X.com/alitam113,علی فرمانی ☫,1683629159455530000
684,alymanymhmd3,X.com/alymanymhmd3,محمد ☫,1707209335053410000
685,amahmoudi1363,X.com/amahmoudi1363,MAHDI 🟩☫🟥,1720422238799670000
686,amb_k221,X.com/amb_k221,🚩🟩☫🟥 𝓐𝓶𝓲𝓻𝓶𝓸𝓱𝓪𝓶𝓶𝓪𝓭 𝓫𝓪𝔂𝓪𝓽,1213792908941260000
687,antizio_c,X.com/antizio_c,colby ☫ 🇲🇽🇺🇸,2051132156261420000
688,arfh_hshmi,X.com/arfh_hshmi,🏴 ســــادات,1399456027649710000
689,asmakhajehzadeh,X.com/asmakhajehzadeh,🟩☫🟥 اسماء خواجه,892310399609172000
690,ayonno,X.com/ayonno,Hanie ☫,1933499950719250000
691,azadeozendani,X.com/azadeozendani,نبراس 🟩 ☫ 🟥,1276445242724680000
692,azadi1366,X.com/azadi1366,Muslimee ❤️ ☫💚 🇦🇫,883595667049984000
693,azmemar30,X.com/azmemar30,علی اصغر اظهری 🟥 ☫ 🟩,1943296791698460000
694,banoo_lawasani,X.com/banoo_lawasani,بانو لواسانی❤️☫💚,2062220216709280000
695,behimim_bckup,X.com/behimim_bckup,BehiMim(New)🟩☫🟥,1880630380065080000
696,bintezainbiyoun,X.com/bintezainbiyoun,BinteZainabiyounV2 ☫ ރ,1580933973793980000
697,c7jil,X.com/c7jil,عباس هادي ☫,1895841798624590000
698,daneall_j72,X.com/daneall_j72,🇷🇺 DJD ☫,1586294974953430000
699,derakhshanmedia,X.com/derakhshanmedia,🟩 ☫ 🟥derakhshanmedia🟩 ☫ 🟥,797106841738211000
700,dokhtare_ariyi,X.com/dokhtare_ariyi,🟥☫🟩Fateme,1985359705322270000
701,fa_abv,X.com/fa_abv,Fatemeh Abv 🟩 ☫ 🟥,1080737115753850000
702,famil2r,X.com/famil2r,امید نریمانی/ فامیل دور 🟩 ☫ 🟥,1216399328857790000
703,farkingralph,X.com/farkingralph,No Zio State Solution ☫,1960129127110890000
704,fatima_ras01,X.com/fatima_ras01,fatima.ras💚 ☫ ♥️🏴,1570720544856600000
705,fish_birb,X.com/fish_birb,fishbirb.bsky.social 🐟🔻🇵🇸🇱🇧☫🇻🇪🍉,257434552
706,fonixs34,X.com/fonixs34,fonix🟥 ☫ 🟩,1643153050826150000
707,fouad_jm2,X.com/fouad_jm2,Dr.Foad ☫,1608446439985710000
708,ftm_sdt_,X.com/ftm_sdt_,فاطمه سادات ☫,931629720554291000
709,ghademoon_158,X.com/ghademoon_158,نحن قادمون𓂆☫🚩,841732380981395000
710,ghanemipour_m,X.com/ghanemipour_m,student.pilot.mgh🟩☫🟥,1504536245879330000
711,gmanredux,X.com/gmanredux,The Gman ☫ 🔻,2006625017459780000
712,h_nasserian,X.com/h_nasserian,Hamed Nasserian 🟩☫🟥,3093136072
713,halehesmaili,X.com/halehesmaili,معصومه 🟩☫🟥,1107695200426710000
714,hazebollah,X.com/hazebollah,hazebollah🟩☫🟥,2036592475855590000
715,hoda_b_z,X.com/hoda_b_z,هدی🟩☫🟥,1214990839665050000
716,hoseinzebarjad,X.com/hoseinzebarjad,حسین زبرجد🟥 ☫ 🟩,1448985064302330000
717,hosenrezapour,X.com/hosenrezapour,حسین رضاپور | Hossein Rezapour,1863241728091720000
718,hoseyn_ra,X.com/hoseyn_ra,Hoseyn Rahmati ﴾☫﴿,1752541160671720000
719,im_mahbobeh,X.com/im_mahbobeh,محبوبه سادات بیگی🟥☫🟩,1562361620101080000
720,jianhua1965,X.com/jianhua1965,☫ Victims of pinkskins Memorial,1004000970966270000
721,jn9P2wNTDV75069,X.com/jn9P2wNTDV75069,🇰🇵 🔻 🪂 𓌏▌▐┛ ☫,1686563983392960000
722,kash90568,X.com/kash90568,ʙᴀꜱɪᴊɪ ☫☝,1986471386534320000
723,kavarama1,X.com/kavarama1,Kavarama ☫ کاواراما,1034182794963030000
724,khorshide_s,X.com/khorshide_s,💚☫❤️ Zeinab 🇧🇷,1255802065173060000
725,khoshnevisan20,X.com/khoshnevisan20,خوشنویسان🟥 ☫ 🟩,1498742592862890000
726,line_leadership,X.com/line_leadership,سرباز وطن 🟥 ☫ 🟩,1611745562713270000
727,m31_3q,X.com/m31_3q,حاج مُری | ☫,1220298481354640000
728,m_jahedbozorgan,X.com/m_jahedbozorgan,M. Jahedbozorgan🟥☫🟩,56390366
729,m_sh_78910,X.com/m_sh_78910,Mohammed 🟩☫🟥,1217114229813190000
730,mahdi_khsrv,X.com/mahdi_khsrv,Mahdi_khsrv 🟥 ☫ 🟩,1214247759580040000
731,majidwo,X.com/majidwo,🟥 ☫ 🟩Majid,922417892108456000
732,manaamini1369,X.com/manaamini1369,دخت نوبهار🟢☫🔴,1332349625446110000
733,mansor_1381,X.com/mansor_1381,منصور قیصری,1703072512655910000
734,mersad_kheybar,X.com/mersad_kheybar,Rahro Enghelab ☫ رهرو انقلاب,2040878344271470000
735,mini_zabawa,X.com/mini_zabawa,Silver Tiger 🇵🇱🇵🇸🇱🇧🟩☫🟥,1451134948967170000
736,mohamadzade1995,X.com/mohamadzade1995,فریمــه☫,1728789276605740000
737,mohammad000s000,X.com/mohammad000s000,🟥 ☫ 🟩 محمد 🇵🇸,1412355021753160000
738,mohsen_n63_2,X.com/mohsen_n63_2,🟩☫🟥 Mohsen,1461604682149900000
739,mokhtariesfid,X.com/mokhtariesfid,محمد مختاری 🟥 ☫ 🟩,704948724561273000
740,montazergraph,X.com/montazergraph,☫ ساسان کلانتری ☫,442528472
741,morteza_hajiani,X.com/morteza_hajiani,☫ Morteza 🚩,2989997817
742,morteza_pn,X.com/morteza_pn,مرتضی پناهیان ☫,837237062935974000
743,mos_jalali,X.com/mos_jalali,مصطفی جلالی 💚☫❤️,1441083533364060000
744,mostafahamedi_y,X.com/mostafahamedi_y,Mostafa 🟥 ☫ 🟩 ابومهدی,714540342083772000
745,mu97sd,X.com/mu97sd,مـرتضى☫,1849197369369280000
746,mwn975741989471,X.com/mwn975741989471,مرید حضرت مادر (س) ☫ ✌🏻,1652034512463730000
747,nationaljuche,X.com/nationaljuche,🔻 🇰🇵National Juche 🟩☫🟥 🪂🇵🇸🇾🇪🇱🇧🇨🇳,1721906636280000000
748,nkwyy49813,X.com/nkwyy49813,☫ نکوئی ☫,1811927313228980000
749,noraabril666,X.com/noraabril666,Infinita ☭ ♥️💛💜 🇵🇸🇨🇳🇷🇺🇨🇺🇧🇾🇰🇵🇲🇽 ☫,1377974166
750,nr_afzali,X.com/nr_afzali,ن افضلی ☫,1358316571
751,orapomorapom,X.com/orapomorapom,Orapom 🟥 ☫ 🟩 🇵🇸,1490627709935960000
752,razielcastello,X.com/razielcastello,raz IRAN ☫ 🇵🇸 🇾🇪 🇱🇧 🇮🇶,109533110
753,reihane_asgari,X.com/reihane_asgari,ریحانه عسگری🟥 ☫ 🟩,1587389559725240000
754,s_k_sh,X.com/s_k_sh,SAJJAD ☫🇮🇷,215741796
755,sahragraph65hm,X.com/sahragraph65hm,💚☫❤صحرا,1855916553838980000
756,sara_yazdy,X.com/sara_yazdy,سارا یزدی 🟩☫🟥,1542585759445800000
757,sardar_e_eshgh,X.com/sardar_e_eshgh,سردار عشق❤️ ☫ 💚,1246725283664850000
758,sayedrezamusavi,X.com/sayedrezamusavi,سیدرضا موسوی🟥☫🟩,43418145
759,seyyed_meghdad,X.com/seyyed_meghdad,سید مقداد☫,2062419094717010000
760,shima84m,X.com/shima84m,شیما🟩☫🟥,1416665651897320000
761,silenssermo,X.com/silenssermo,Sermosilens ☫,1717767080156730000
762,sobhan9070,X.com/sobhan9070,🟩☫🟥سبحان🇵🇸,2776311603
763,soran_68,X.com/soran_68,عماد🚩 ☫,1779768328598260000
764,talaye73877,X.com/talaye73877,🇱🇧🇵🇸🇮🇶🇾🇪مرمر طلایی🟩☫🟥,1269736466831350000
765,thearchitct,X.com/thearchitct,🟩☫🟥 tin tin 🇵🇸,1426262828663590000
766,tuviterr,X.com/tuviterr,بامداد 🟥☫🟩,759010669572174000
767,yamahdy_ma,X.com/yamahdy_ma,م.صبری 🟩 ☫ 🟥,1215617272427040000
768,zeerowbadman,X.com/zeerowbadman,🇳🇬 ☫ Khamenei Basil Assibong⚡👽▲☥👁️,123690532
769,zeynabiam313,X.com/zeynabiam313,دخترِ ایران 🟥☫🟩,1735582999436040000
770,3strikesh0t,X.com/3strikesh0t,Sunny 🍉,1544282928171160000
771,4_freePalestine,X.com/4_freePalestine,Freedom_4_Palestine 🇵🇸🔻🍉 𓂆,1782809823244960000
772,Afaqnfb,X.com/Afaqnfb,🍉,590178264
773,AhYon888,X.com/AhYon888,Ah Yon 🏴,1554435906328640000
774,AhmedHu49244440,X.com/AhmedHu49244440,Hakuna Mtaratara 🇵🇸🍉☮️,1884761667613180000
775,Anonymostw,X.com/Anonymostw,Free Palestine🍉,24271582
776,AttyeLina,X.com/AttyeLina,Liنa🇸🇳🇱🇧🍉 10452 km²,1576793424
777,Blacklight_21,X.com/Blacklight_21,Ecko🌹🍉,1234118298108940000
778,DNArigged,X.com/DNArigged,Rainbow Carin' 🍉 🌈,493255368
779,Dani_Noor_,X.com/Dani_Noor_,🇵🇸 Dani.p.🍉❤️,17876908
780,Davel_eibunken,X.com/Davel_eibunken,ねねこねこねこ🍉🇵🇸,1128267091306410000
781,Elvira__66,X.com/Elvira__66,🖕el dedo y la luna 🪞- 🍉- 🇵🇸,868899006658879000
782,FonteRodrigues,X.com/FonteRodrigues,Zé 🍉🇧🇿🇭🇳🇨🇺🇲🇾🇿🇦🇳🇦🇸🇳🇨🇴🇧🇴,2827118667
783,Gaullopatriote,X.com/Gaullopatriote,Gaulliste. 🇲🇫 🇷🇺 🇵🇸 🍉 🇮🇷 🇱🇹 🇨🇳,1481419676144000000
784,Ghanisarah2350,X.com/Ghanisarah2350,مريم 🔻🍉,1712853409382970000
785,GinetteLondogno,X.com/GinetteLondogno,Gigi 🍉🫒,1692734913974300000
786,JewelAnneNonny,X.com/JewelAnneNonny,🍉 ✌️ ☮️ Anne Nonny ☮️ ✌️🍉,1824962757315170000
787,JoannaSays,X.com/JoannaSays,Joanna 🍉,452959292
788,JonesHowDareYou,X.com/JonesHowDareYou,Jenny Difficult-Frecklington-Jones 🇵🇸🍉🇮🇷,198296897
789,KateEmersonBri,X.com/KateEmersonBri,Kate Emerson 🇵🇸 🔻🍉,1695505166
790,LDelsoll,X.com/LDelsoll,🅻🅳🅴🅻🆂🍉🅻,1349272358146760000
791,LaDjazairiya,X.com/LaDjazairiya,۞ ☪︎🔻🍉,403519307
792,LiamCruz9955,X.com/LiamCruz9955,Mrcruz6935🇵🇸🔻🍉🏳️,1136432762729220000
793,LindaProChoice,X.com/LindaProChoice,Linda 🍉 ~ Pro Choice ~ 🍉,1000431772453290000
794,Lisa2O26,X.com/Lisa2O26,Lisa🍉🆓🆓🇵🇸🆓🆓🇱🇧🆓🆓🌎,2053583286073450000
795,LynMatt89664666,X.com/LynMatt89664666,Let it be a tale. 🇵🇸🇱🇧💚🍉,1577347841663660000
796,Manjina_Hani,X.com/Manjina_Hani,🍉 | Prasad | ಪ್ರಸಾದ್ | ಘನ ನೀಲಿ 💙💙| 🍉✊🏽,294082623
797,MaraHelenaAssi1,X.com/MaraHelenaAssi1,Mara Assis 🇧🇷🇵🇸🍉🇮🇷🇾🇪🇱🇧🇪🇭🇨🇺🇸🇩,1335577291242570000
798,MeetJoeBlack63,X.com/MeetJoeBlack63,Zee❤️🍉🇵🇸🇿🇼🇧🇦,1266838696420140000
799,Mohamed96275443,X.com/Mohamed96275443,Mohamed Abdi🇵🇸 🌶🔻🍉,1142535284917250000
800,MrAbdullahMalik,X.com/MrAbdullahMalik,Abdullah 🍉,420380748
801,Muz_m,X.com/Muz_m,Falasteen 🇵🇸🍉🔻,454254265
802,Natasha78509955,X.com/Natasha78509955,Alma 🇲🇽❤🇨🇩🇾🇪🇵🇸🍉🔻,979943355802112000
803,Neda_lady39,X.com/Neda_lady39,Neda 🍉,1690434439191680000
804,NoFilterJOnn,X.com/NoFilterJOnn,NoFilterJOnn🍉,1303154332477670000
805,Nomore_single,X.com/Nomore_single,🇵🇸 🇮🇳 🍉 Shanu Bihari,1101558214217400000
806,Noodoggy,X.com/Noodoggy,Cajun Commie ☭🇵🇸🍉,16358213
807,Piyusaja2,X.com/Piyusaja2,Mas P1yu🍉🇮🇩,1610273431454630000
808,RadziIqbal,X.com/RadziIqbal,Iqbal Mohamad Radzi 🇲🇾🇵🇸🇱🇧 🍉🔻,1133897789925020000
809,Rally4Gaza,X.com/Rally4Gaza,Khanem 🆓🇵🇸💕🍉,1516602879121020000
810,Rasmenselah,X.com/Rasmenselah,🆓🍉🆓☪️,248675628
811,RiazGilani,X.com/RiazGilani,🇵🇸 Riaz Gilani 🍉,66075435
812,RubenMex01,X.com/RubenMex01,Rubén 🇵🇸🍉,1266804206637290000
813,SJHodler,X.com/SJHodler,Bitcoin Bay🍉🇯🇴,1587857846183510000
814,S_Padival,X.com/S_Padival,SP 🍉,717042249624855000
815,Sactown_Kings6,X.com/Sactown_Kings6,REDS SZN 🇵🇸🍉,418166161
816,Sal996R,X.com/Sal996R,Nexus6 🇮🇹 🍉,1267492627596880000
817,SamerMElChami,X.com/SamerMElChami,Sam 🍉🔻⭕️,368193841
818,Simo07827689,X.com/Simo07827689,🪢🏳️,961233370821915000
819,SoggyBiscuitBri,X.com/SoggyBiscuitBri,Brian GnOsIs 🍉🇬🇧,1828572944169160000
820,StarveYourEgo,X.com/StarveYourEgo,Biscuit 🍉,227749538
821,TabbouleWbatata,X.com/TabbouleWbatata,🍉,1817257501089320000
822,Taltool11,X.com/Taltool11,مهى10452 🍉 🇱🇧 🇵🇸🇾🇪,243907799
823,TereLimaM,X.com/TereLimaM,🍉 Tere Lima 🇯🇴,851437346876797000
824,TorterraGrey8,X.com/TorterraGrey8,Jalen Taylor🌻🍉🇵🇸🕊,931691625885176000
825,Vatanse64478152,X.com/Vatanse64478152,Vatansever🍉,1304418860142150000
826,VieCrypto,X.com/VieCrypto,CryptoVie 🍉,1105267110681460000
827,WQAORiYm9oBw5vR,X.com/WQAORiYm9oBw5vR,クロ子 🍉🇵🇸,879054282384920000
828,XalsGym,X.com/XalsGym,Xals Gym🍉🇵🇸❤️💛💜🍉🇵🇸,779418724151484000
829,Zeinobia,X.com/Zeinobia,Zeinobia 🎙️📷📓🍉,608583
830,_Ain4SSw33ty_,X.com/_Ain4SSw33ty_,_Aina_Sweetty🇮🇩🍉,1146046641780040000
831,adamcchang,X.com/adamcchang,🍉Dr Claridge-Chang 🇵🇸,232352752
832,almosthappy4u,X.com/almosthappy4u,Almost happy 🍉,1087850948
833,anarchistgoat,X.com/anarchistgoat,3 Mai Tai's🇵🇸🍉🇨🇺🇾🇪🇻🇪,34856085
834,austexwoman,X.com/austexwoman,SJ 🍞🌹⏳🌹⚖️☯️🌿🦺🌎✊✌️ 🕊️🌻🌺🍀🎗️🙏🚩👊🍉NoDms,818822954
835,barbecuedclorox,X.com/barbecuedclorox,Berniecrat🌹🍉🇺🇸🇺🇦🏳️,1321690908346270000
836,beembooss,X.com/beembooss,ᵉˡᵉˣᵗʳᵃ 🍉,1255824722329140000
837,brookebay21,X.com/brookebay21,Peter Symons#NHSLove❤.🏴,294075128
838,bruculino,X.com/bruculino,Adele ☕️🥐🍉,230058785
839,chokobear1,X.com/chokobear1,Tether 🇨🇩 🍉,1240712894217680000
840,crankyboricua,X.com/crankyboricua,✨ Fanática 🧞,1525666009172130000
841,demandjustice_9,X.com/demandjustice_9,🇵🇸🍉,1709511338194770000
842,diccogiale21,X.com/diccogiale21,桶屋　猫之介🍉,1432239566199550000
843,eeyoresmother,X.com/eeyoresmother,Eeyore'smum🇵🇸 🍉,847095034860200000
844,embajadoraipalo,X.com/embajadoraipalo,Adriana González 🇵🇸 🍉🐝🪁🗝️,252540167
845,eriq_13,X.com/eriq_13,Erik C 🍉,108101890
846,fairyjoon,X.com/fairyjoon,Faridokht 🦁🕊️☔️🍉🍉,50603385
847,fatsomolo,X.com/fatsomolo,f`~✨🍉,1546591628844060000
848,fcabravo,X.com/fcabravo,Fca Bravo 🍉🇱🇧,204518472
849,godsbodkin,X.com/godsbodkin,dustin ashes 🪂🇵🇸🍉🔻,2032110956722170000
850,igomemay,X.com/igomemay,IGMMY🍉,61106247
851,igpeib,X.com/igpeib,Igor Peña 🍉,104692822
852,ilborikua23,X.com/ilborikua23,José 🇵🇷🍉,1751118134411410000
853,jack_sprat74,X.com/jack_sprat74,Jackie-BringBackUseYandex 🇵🇸🇮🇪🍉,4869903531
854,kabachan2804,X.com/kabachan2804,めぐどん🍉,1457039492301600000
855,knowbuddhau,X.com/knowbuddhau,Dave Parker 🇵🇸 🍉 🍎,30368137
856,landomr_,X.com/landomr_,Orlando 🍉,1458591098637410000
857,lianamonstera,X.com/lianamonstera,🍃ǝpɐɥsʇɥƃᴉu ɐlos🍉🇮🇷🍃,1790316916927590000
858,lidocainespray,X.com/lidocainespray,jer. 🍉 🫒,2248055895
859,linda_brisbane,X.com/linda_brisbane,Linda Brisbane 🍉🍉🍉,1363396176083450000
860,manuoviedo15,X.com/manuoviedo15,Manuel Oviedo 🍉✌🏽🍀🍁,722080359689622000
861,mayasdreams,X.com/mayasdreams,maya 🍉🇵🇸,102766650
862,mido_uiux,X.com/mido_uiux,Ayub Ahmad 🍉,895433032445960000
863,mikepembaik,X.com/mikepembaik,Mike 🍉,1566800372
864,mitzi4r,X.com/mitzi4r,zi 🍉 | 🎬 | 💋,129444346
865,mjacksonrm51,X.com/mjacksonrm51,Mary Jackson 🍉,1548316130745270000
866,mr_a_ghosh,X.com/mr_a_ghosh,Aniruddha Ghosh 🇮🇳🛡️🍉,1356094703381360000
867,notmycanada2015,X.com/notmycanada2015,FAFO 🍉,1665461486523910000
868,pink_lungi,X.com/pink_lungi,🍉,86705099
869,rb202220,X.com/rb202220,Christian Zionism = DOOMSDAY CULT 🍉✌️🪁,1505270857718890000
870,smith6times,X.com/smith6times,WinstonSmith6times🍉🥄🔑🇵🇸,1161892583766930000
871,sonoyami,X.com/sonoyami,Sonny 🏴,3092049916
872,superbranch,X.com/superbranch,#HandsOffIran 🏴🚩🍉🇵🇸,274089351
873,surfing_mujahid,X.com/surfing_mujahid,Surfing Chad 🔻 🍉 🐝,1660995395181330000
874,takaraita,X.com/takaraita,Tappy 🆓🍉,240132173
875,tamerajavempala,X.com/tamerajavempala,a 🍉,125253927
876,thisrosycandy,X.com/thisrosycandy,𝓡𝓸𝓼𝔂 🇵🇸 🍉,3224143481
877,twittalk2,X.com/twittalk2,Resister🍉,1007734327969490000
878,vasotsouti,X.com/vasotsouti,Vaso Tsouti 🍉🇵🇸,920338041532748000
879,wassmrs,X.com/wassmrs,We Won’t Be Silenced 🍉🍉🔻💧EileenLeft🌹✊🏼,1084823923047290000
880,1892TheRealRed1,X.com/1892TheRealRed1,@1892TheRealRedBoy🇬🇧🏳️,1412906743315770000
881,3Akkaa,X.com/3Akkaa,Éter_3🇵🇸🇮🇷🇱🇧🇨🇺🇸🇩🫡,1200462712888790000
882,3meraSherif,X.com/3meraSherif,عُمَيّرَه 🇵🇸,793060760284987000
883,4pH4ByVKdGtxPRK,X.com/4pH4ByVKdGtxPRK,🇨🇺🇪🇭🇵🇸Yarikuri-Unajara拮据过日子的主妇🇸🇩🇨🇩🇻🇪,1150975743242850000
884,786alhumdulilla,X.com/786alhumdulilla,🇵🇸,586160152
885,A6udawud,X.com/A6udawud,Engr.Abudawud🛰🌍MNSE🇵🇸🗨,1800572649216640000
886,AIJAZ1204,X.com/AIJAZ1204,AIJAZ WANI🇵🇸,2445549246
887,ALIYUMJAJERE,X.com/ALIYUMJAJERE,ALIYU JAJERE🇵🇸 🇸🇩,815671951016526000
888,ANaziadi,X.com/ANaziadi,Garviel Lorken 🇲🇾🇵🇸,1138308091743650000
889,AaronKurnz82,X.com/AaronKurnz82,Aaron K 🇮🇷🇱🇧🇵🇸,2037590174951980000
890,AbWaheed_JI,X.com/AbWaheed_JI,Abdul Waheed Afridi 🇵🇰 🇵🇸,1537775463703190000
891,Abass18521401,X.com/Abass18521401,ROOHULLAH ABASS DARR 🇵🇸,1274384100153950000
892,Abbakaraffaan,X.com/Abbakaraffaan,Abu Gaza 🇵🇸 ✨️,2060302604328920000
893,Abdelnaser64678,X.com/Abdelnaser64678,يمني🇾🇪 و القضية فلسطين🇵🇸,1727255583085010000
894,AbdullahAlanse,X.com/AbdullahAlanse,Abdullah 🇵🇸🔻,1481209017150150000
895,Abini9,X.com/Abini9,Ramzi 🇵🇸🇪🇹,2739086619
896,Abo423Hager,X.com/Abo423Hager,حمدي العتابي 🇮🇶🇵🇸,3197126642
897,Aboalaiznordien,X.com/Aboalaiznordien,جميل احمد الدحاح 🇾🇪🇵🇸,1405984807654410000
898,Ahadj7,X.com/Ahadj7,Dr.Ahad (اکانت دوم)🇮🇷🇵🇸🇦🇫🇱🇧🇮🇶🇾🇪🇸🇾,915506573597741000
899,AkimotoThn,X.com/AkimotoThn,🇮🇷🇵🇸🇯🇵 Thoton Akimoto,1557991538839680000
900,Akropolis0808,X.com/Akropolis0808,Justice and Equality 🇵🇸,2823875392
901,AlainPicon93,X.com/AlainPicon93,Alain Picon 🇻🇪🇵🇷🇵🇸🇪🇭🇷🇺🇨🇳🇻🇦,89322683
902,Alawi_Jahaf,X.com/Alawi_Jahaf,علوي جحاف–🇾🇪🇵🇸Alawi Jahaf,1725313932397540000
903,AlexQuor,X.com/AlexQuor,Alex_quor🇸🇾🇹🇷🇱🇧🇵🇸,1395855497224510000
904,AlferiousPutin,X.com/AlferiousPutin,Alferious Muendo🇰🇪🇵🇸🇨🇩🇸🇩🇹🇬,1753740675315560000
905,AliKhaiwaas,X.com/AliKhaiwaas,🇵🇸//استخدم عقلك 🧠//🇸🇦,622109755
906,Ali_Factor,X.com/Ali_Factor,Ali Kazmi 🇵🇸,465515000
907,AmanUllah499,X.com/AmanUllah499,Arslan Hashmi 🇵🇸🇵🇸,1713186146568850000
908,AmmarKazmi,X.com/AmmarKazmi,Ammar Kazmi 🇵🇸,178771060
909,AnabtawiKa32900,X.com/AnabtawiKa32900,Karmen Anabtawi 🇵🇸,1763075778953040000
910,AndreaT2303,X.com/AndreaT2303,Andrea Corelli 🇮🇪🇵🇸,626682905
911,AndyKrypto,X.com/AndyKrypto,Andy on Tech 🇵🇸,1297339471155930000
912,Annysdays,X.com/Annysdays,Annys Days Lula da Silva 🇵🇸 🇧🇷🇷🇺🇵🇸🇨🇦🇨🇳,280609806
913,AnsariRashika,X.com/AnsariRashika,Ansari Parvez 🇵🇸,2323786920
914,Arianrhod11,X.com/Arianrhod11,Jane Marple 🇵🇸🇾🇪🇱🇧🇮🇷🕊️,280641074
915,ArsalanTwt46089,X.com/ArsalanTwt46089,arsalan #gaza 🥲 🇵🇸🇮🇷🇾🇪,1807407268096290000
916,AteeqMughalPK,X.com/AteeqMughalPK,Ateeq ur Rehman 🇵🇰 🇵🇸,1246592178782120000
917,AthousandBrains,X.com/AthousandBrains,Athousand Brains 𓃵 🇵🇸,1190027703279330000
918,AtikaBenjamin,X.com/AtikaBenjamin,FreePalestine/Kenya🇵🇸🇰🇪,2589166147
919,Atjo_,X.com/Atjo_,Atjo aswad🇮🇩 🇵🇸,37914127
920,BAHENAJC,X.com/BAHENAJC,MVZ EPA JC Bahena 🇲🇽🇷🇺🇵🇸🇨🇺🇨🇳 День Победы,193535211
921,BLUENINI1,X.com/BLUENINI1,雨農先生🇵🇸,1100285930043140000
922,BS_intervention,X.com/BS_intervention,Settler dementia support 🇵🇸,1057112118
923,BabadiBehrouz,X.com/BabadiBehrouz,Behrouz Babadi🇵🇸,1463986950780730000
924,BangouraKhame,X.com/BangouraKhame,Bangoura khamè 🇧🇷🇵🇹🇵🇸,1936884649
925,Bashir_A_Muhd,X.com/Bashir_A_Muhd,Bashir Abdullahi M🇵🇸,2851079198
926,Battersby1888,X.com/Battersby1888,William Battersby🇮🇪🇵🇸🇨🇺🇾🇪🥀💙#Think32,930520648245498000
927,BellaFalasteen,X.com/BellaFalasteen,🇵🇸 Bella Falasteen - بيلا فلسطين 🇵🇸,1627918499937940000
928,BenniseLider,X.com/BenniseLider,DepressionKitty 🇵🇸,1609750801
929,Beunique_zahra,X.com/Beunique_zahra,BeUniQue 🇵🇸🇮🇷🇵🇰,1077558420037880000
930,BillNyeBong,X.com/BillNyeBong,🇵🇸 Bill Nye The Highest Guy,1150483753090770000
931,Bitchfromd98737,X.com/Bitchfromd98737,kiani🇵🇰 🇵🇸,1711876418416550000
932,BluzMonk,X.com/BluzMonk,Bluezmonk ☭🇵🇸,1370524367021610000
933,BosCityFAN,X.com/BosCityFAN,AndrewIsVP💪🏻🇵🇸🖕🏻🇮🇱🇺🇦🇬🇧🇳🇱🇩🇪,2468696985
934,CReTheIll,X.com/CReTheIll,𝐥𝐞𝐢𝐭𝐧𝐞𝐫　ａｖａｉｌａｂｌｅｔ　芋逸雨🇵🇸,1731905270
935,CamiloGuezRodri,X.com/CamiloGuezRodri,Camilo Rodríguez 🇵🇸,700400316555125000
936,Carolin5833886,X.com/Carolin5833886,Hatice 🇵🇸 🇱🇧,1730768893780590000
937,CharleneHales,X.com/CharleneHales,Charlene Hales🇵🇸,213667191
938,Charles68431225,X.com/Charles68431225,Charles J - #MMT 💙 🥀 🇵🇸 ♿,1143888390083010000
939,Charlie140962,X.com/Charlie140962,Charlie🇵🇰🇵🇸,1934076287834060000
940,Chris_P_GR,X.com/Chris_P_GR,Chris P 🔴⭐⚪⭐⚫🇵🇸🇱🇧🇮🇶🇾🇪🇮🇷🇪🇭🚀🇻🇪,1299024130243780000
941,ComradeHector2,X.com/ComradeHector2,Comrade Héctor 🇵🇸🪂,112485243
942,ConorCA,X.com/ConorCA,ConorCA 🇮🇪 🇵🇸,2052582663299720000
943,CraigJo37661463,X.com/CraigJo37661463,CraigThePlagiarist⏳🇵🇸🇻🇳🇾🇪🇻🇪🇭🇹🇨🇺🇱🇧,1304519921104280000
944,CranesOfMemory,X.com/CranesOfMemory,Cranes. 🔻🌺🇸🇩🔻🇮🇶🇾🇪🇮🇷🇵🇸🇱🇧🔻😷♿,1993764587452460000
945,CyberGOAT2077,X.com/CyberGOAT2077,Muhammad 🇵🇸,4127501577
946,DCSWORLDPAK,X.com/DCSWORLDPAK,DCS WORLD PAK 🇵🇰🇵🇸🇹🇷🇸🇦🇦🇪🇲🇾,1075465743158990000
947,DKLarge2,X.com/DKLarge2,DK Large 🇵🇸 🇨🇺🪁,1173806777743430000
948,Da_Ace444,X.com/Da_Ace444,Abdulsalam Olawale 🇵🇸,1524224940064620000
949,DaenerysProPal,X.com/DaenerysProPal,🍁🇨🇦Wendi🇨🇦🍁🕊️PRO🇵🇸🔻,1751074299992240000
950,DalriadaBhoy,X.com/DalriadaBhoy,Sean 🇮🇪🏴,1544410351126670000
951,Darker_air,X.com/Darker_air,Dark Air 🇵🇸,1141074567022170000
952,DavideDila,X.com/DavideDila,Dottor Fileno 🏳️,302474022
953,DerekMeers,X.com/DerekMeers,Derek Meers 🇵🇸🇧🇫🇮🇪🍀,396879947
954,DestiGrace1,X.com/DestiGrace1,💫 🇵🇸🕊️ #HumanRightsIsAMust 🕊️🇵🇸💫,452172857
955,DonJulioII,X.com/DonJulioII,The Jenga Boys 🇵🇸,1109164760208040000
956,DonTarantino_,X.com/DonTarantino_,بَحر 🇵🇸,2189957188
957,Don_Angelo_,X.com/Don_Angelo_,Resistance is Sacred 🇵🇸,1649986498144490000
958,DubStyle92,X.com/DubStyle92,DJ DubStyle 🇨🇴🇵🇸,66476764
959,DuhTrendinTopic,X.com/DuhTrendinTopic,🇵🇸🇵🇸🇵🇸 T. Rod,329069637
960,DulcePeric98049,X.com/DulcePeric98049,LFC 🇵🇸,1786619651880800000
961,DuraMauricia,X.com/DuraMauricia,Mauricia♀️🇵🇸 🇪🇭 ✌🏽,1272173851389110000
962,DuranAztec,X.com/DuranAztec,Aztec-Warrior 🇵🇸,1716934481523950000
963,Elhammh1979,X.com/Elhammh1979,الهام محمدحسن 🇸🇾 🇮🇶 🇵🇸 🇱🇧 🇮🇷🇾🇪,1506219052708080000
964,ElianeRicarte1,X.com/ElianeRicarte1,ER 🇧🇷🇵🇹🇵🇸,842848958930014000
965,Em_BaTsari,X.com/Em_BaTsari,محمد Muhammad 🇵🇸,141418153
966,EnviroFra,X.com/EnviroFra,💙🇵🇸 💞Organise📅Rebel✊Protest+repeat till weWin,1231306788907230000
967,ErikaSim454418,X.com/ErikaSim454418,🤫🔻🏴🇵🇰 🇵🇸,1920795958541010000
968,EventSpectator,X.com/EventSpectator,Spectator 🇵🇸,308200716
969,Evilazulan,X.com/Evilazulan,Godless 🇦🇺🇵🇸🇮🇷🇨🇳🇷🇺🇨🇺,1540636404
970,EvrimEvolution,X.com/EvrimEvolution,Lazy to the bone 🇵🇸,793273842433159000
971,ExquisiteGhost_,X.com/ExquisiteGhost_,ExquisiteGhost 🇮🇪🇵🇸,1895891427776660000
972,FAnanug26998,X.com/FAnanug26998,fosi ibnu awad🇸🇴 🙏🇵🇸,1689369921229130000
973,FamousPlan,X.com/FamousPlan,FamousPlan 🇦🇺🇨🇳🇷🇺🇧🇾🇰🇵🇵🇸🔻,1319038176242010000
974,FarFaryaz374,X.com/FarFaryaz374,Yaz 🇵🇸,1933552654820490000
975,FarzanHusain1,X.com/FarzanHusain1,Farzan Husain 🇮🇳 🇵🇸,721981799451103000
976,FatemehGhazanf6,X.com/FatemehGhazanf6,Fatemeh.fatemeh🇮🇷🇵🇸,1584610960312050000
977,FathersThor1923,X.com/FathersThor1923,People are Strange 🇵🇸,1563649554918020000
978,Fed38817Rosanna,X.com/Fed38817Rosanna,Rosanna Federico 🇵🇸🇵🇸🇵🇸🇵🇸🇵🇸🇵🇸,1757480352765890000
979,FellyLaylxw,X.com/FellyLaylxw,Лейлоу 🇵🇸,2231600176
980,FeralJacobs,X.com/FeralJacobs,gerri jacobs 🐿️🔻 ☭ 🇵🇸🇾🇪🇮🇷🇨🇺🇰🇵,1293544016219460000
981,FilistinDireni,X.com/FilistinDireni,Filistin Direnişi 🇹🇷🇵🇸,1608215986955500000
982,Firdausi_Fauzi,X.com/Firdausi_Fauzi,Firdausi Fauzi 🏴 🇲🇾 🇵🇸 #LAWAN,2826474560
983,Forthleft2,X.com/Forthleft2,Tim Jones 🇵🇸,3368822652
984,FrankOyoo,X.com/FrankOyoo,🇰🇪🇾🇪🇷🇺Abdulwahid Oyoo 🇵🇸 🇮🇷,1252050373
985,FreeGeneraxion,X.com/FreeGeneraxion,#GeneraxionFearFokol🇷🇺🇵🇸🇮🇷🇨🇳🇰🇵🇿🇦,921766811963658000
986,FreePalest95214,X.com/FreePalest95214,FreePalestine 🇵🇸,1730002782982160000
987,FreePalestineHQ,X.com/FreePalestineHQ,Free Palestine 🇵🇸,1879214512848400000
988,GSouverein,X.com/GSouverein,"Gertjan ""T-Rex"" Souverein 🦹",827170844627530000
989,GalichetJoffrey,X.com/GalichetJoffrey,"Joffrey Y, G, Galichet 🇵🇸 🇱🇧 🇪🇸 🇸🇮",1633669478759170000
990,Garbageilo,X.com/Garbageilo,Lancelot 🇵🇸,1112270857198420000
991,GoVladymir,X.com/GoVladymir,Vladymir Gómez 🇵🇸,896411167857529000
992,HUSN_KHASKHELI,X.com/HUSN_KHASKHELI,حسین خاصخیلی🇶🇦🇸🇦🇵🇰🇨🇳🇹🇷🇦🇿🇵🇸,1255543757300220000
993,HabibAhnaf9784,X.com/HabibAhnaf9784,Ahnaf Ibn Qais 🇧🇩🤝🇵🇸🇮🇷🇵🇰🇰🇵🇨🇳🇷🇺🇻🇪,1695067389388310000
994,HajjiSyd,X.com/HajjiSyd,I’m Him🇨🇩🇵🇸,1395669804074350000
995,HamidNoory4,X.com/HamidNoory4,Hamid noori 💔👉🇵🇸,1553309499636830000
996,HannahBahloul87,X.com/HannahBahloul87,Hannah 🇵🇸,1983149000275700000
997,Hany69462,X.com/Hany69462,هاني الزيلعي الحسني 🇾🇪 🇵🇸,1910653071413090000
998,HarrygPettit,X.com/HarrygPettit,Harry Pettit 🇱🇧🇵🇸,1675628586
999,HassaanMHB,X.com/HassaanMHB,MHB 🇵🇸,1304601034715790000
1000,Hayalnal1982,X.com/Hayalnal1982,Hayel 🇵🇸❤️,1524842687479830000
1001,Hicham04513126,X.com/Hicham04513126,Hicham🎴♤♧ 🇵🇸🇷🇺,1260810372371580000
1002,HomieCharlie,X.com/HomieCharlie,🇵🇸🇭🇹FreeAyiti ☭🇺🇬🌍,1344939669050560000
1003,HonestlyHussain,X.com/HonestlyHussain,🇵🇰🇵🇸حسین,1363215263705960000
1004,Hsari58,X.com/Hsari58,,1126182843045090000
1005,HudaAlazawi4,X.com/HudaAlazawi4,Huda Alazawi🇮🇶🇵🇸,1221529704529900000
1006,I_am_Taimoor_,X.com/I_am_Taimoor_,Muhammad Taimoor 🇵🇰 🇵🇸🍁,1578698688855150000
1007,IhoPwaitress74,X.com/IhoPwaitress74,UFHealth Whistleblower Kathleen Maynard 🇵🇸Ⓥ,1275961872110490000
1008,IlrChay,X.com/IlrChay,Chay ILR 🇵🇸,1449769471187440000
1009,Introvertleeee,X.com/Introvertleeee,Introvert 🇵🇰🇵🇸,1718341794981950000
1010,Ioose_meat,X.com/Ioose_meat,Loosey 🇵🇸🚩,1323447930750200000
1011,JL_SR2024,X.com/JL_SR2024,Jorge L. 🇵🇸. @jl_sr2024.bsky.social,70941108
1012,JaArain34572,X.com/JaArain34572,JA Arain 🇵🇸,1647306408180830000
1013,JanJak_AMC,X.com/JanJak_AMC,🇭🇹🇵🇸🇻🇪 MOASS_IN_YOASS 🌎🔻✨,274605254
1014,JefJC,X.com/JefJC,Jeff Conibear 🇵🇸,193318129
1015,JeninJafra,X.com/JeninJafra,JafraJenin 🇵🇸,1711168274317140000
1016,JerusalemCuba,X.com/JerusalemCuba,Lucas 🇨🇵 🇵🇸🔻,1093484200269930000
1017,JonathanTripi,X.com/JonathanTripi,Jonathan Tripi 🇵🇸,523652192
1018,JonivdW,X.com/JonivdW,🇿🇦🇵🇸Joni🇿🇦🇵🇸,31730817
1019,JucheAffirmer,X.com/JucheAffirmer,Greta Thunberg Respecter 40K 🇸🇪🇵🇸🚀🇰🇵,2035564025954890000
1020,Julesy_OG,X.com/Julesy_OG,Julia | 🇵🇸,1631690738277950000
1021,Just_Ice4Pal,X.com/Just_Ice4Pal,ᎷᏆᏁ ᎪᏞ-ᎷᎪᎩᎬᎻ ᏞᏆᏞ-ᎷᎪᎩᎬᎻ🇵🇸 🇸🇩🇨🇩🇱🇧 🇾🇪 🇮🇶,2793965841
1022,KavkazHussaini,X.com/KavkazHussaini,Али Салаам 🇵🇸,1539555743304760000
1023,KayiBroUsama,X.com/KayiBroUsama,Usama 🇵🇸,1672276649759630000
1024,KazimRaza12786,X.com/KazimRaza12786,کاظم رضا حسینی🇮🇷 🇵🇸🇵🇰,1640050137270560000
1025,KhairyHaarun,X.com/KhairyHaarun,khairy 🇵🇸,3221285751
1026,KingDavidash1,X.com/KingDavidash1,Palestine🇵🇸 fighter,1508460462303860000
1027,KingTherapy,X.com/KingTherapy,★For★He★On★Honeydew★Hath★Fed★ 🇵🇸,913062226596000000
1028,LabourN0nce5,X.com/LabourN0nce5,Labour Paedophiles 🇵🇸 Gaza is the new Auschwitz,1503771606916770000
1029,LalitaAM11,X.com/LalitaAM11,Lala·¸¸.·´.❀🇲🇽🇮🇷🇵🇸🇨🇺🇻🇪,4065571572
1030,LauShot77,X.com/LauShot77,LauraZ🇷🇺🇵🇸,308997199
1031,LeftyBlacksmith,X.com/LeftyBlacksmith,Kaveh The Leftist Blacksmith (کاوه آهنگر)🇵🇸🇱🇧,1557778150494330000
1032,Lehlohonolo_13,X.com/Lehlohonolo_13,🦅🇿🇦🇵🇸,183666862
1033,LoveIran001,X.com/LoveIran001,FreeGaza_Free_Palestine🇵🇸,721022924052935000
1034,Lucaspatoz,X.com/Lucaspatoz,Lucas🇵🇸,1234547847846130000
1035,LungeloN_Zulu,X.com/LungeloN_Zulu,Hind Rajab 🇵🇸 ♥️,399518288
1036,MARS309,X.com/MARS309,theUn-Politics 🇵🇸 🇮🇪🇨🇳🇦🇶🇷🇺🇬🇧🇲🇾🇺🇲,43607424
1037,MBGazapalestine,X.com/MBGazapalestine,Palestine🇵🇸🇮🇪,1724512126956430000
1038,MFaheemAnsari4,X.com/MFaheemAnsari4,,1104479234133820000
1039,MMursalin11,X.com/MMursalin11,MSB 🇵🇸🇮🇷,1628759223441190000
1040,MSaharWahib,X.com/MSaharWahib,Maliha 🇵🇸 🇵🇰 🇬🇧,1237835608539660000
1041,MUHAMMADABUOUN,X.com/MUHAMMADABUOUN,#FREEPALESTINE🇵🇸🇮🇷🇸🇩,1085406897514120000
1042,MaahirAdhan,X.com/MaahirAdhan,adhan maahir🇵🇸,1739371658744330000
1043,MaestrOM93,X.com/MaestrOM93,🇱🇧Ali🇵🇸,759176308173726000
1044,MaestroAdrianMP,X.com/MaestroAdrianMP,Kung Fu Wolf 截拳道 🇵🇸💔,1481466222462090000
1045,Manishmenna,X.com/Manishmenna,LaMaga FreePalestine 🇵🇸,3092925142
1046,MarcosI25,X.com/MarcosI25,Marcos 🚩 🇵🇸 🇧🇷 🇵🇷,886356038781415000
1047,MarkKoekkelkor1,X.com/MarkKoekkelkor1,Markk | #BDS | #FreePalestine 🇵🇸,1564282241664050000
1048,MarkPapas17,X.com/MarkPapas17,MarkPapas🇩🇪🇷🇺🇨🇳🇧🇷🇿🇦🇹🇷🇮🇳🇵🇸🇮🇷🇪🇬,1601320801306830000
1049,MarwaNasha99112,X.com/MarwaNasha99112,Marwa Nashashibi 🇵🇸,1766193851201420000
1050,MdTaghi,X.com/MdTaghi,🇾🇪🇵🇸🇱🇧Md. Taghiایران اسلامی,1626569854441430000
1051,MehbubA17743017,X.com/MehbubA17743017,MEHBUB🇵🇸,1447298254945850000
1052,MirAmarTalpur27,X.com/MirAmarTalpur27,Mir Amar Talpur 🇵🇸,1366794901946590000
1053,MirrorOrchad,X.com/MirrorOrchad,Eliminate Zionism 🔻 🚩 🇮🇷 🇵🇸 Hands off Iran,1343165305019900000
1054,MirzaRahmil,X.com/MirzaRahmil,Darvish 🏳️,1049294365645030000
1055,Mobamba32,X.com/Mobamba32,Mobamba1 🇵🇸🇨🇩,1701026027454000000
1056,Mogwai_Man,X.com/Mogwai_Man,Human 🇵🇸 🇮🇷 🇱🇧,1787124636435520000
1057,Mohamma14289992,X.com/Mohamma14289992,Mohammad Al-Husseini 🇵🇸,1628638075214500000
1058,MohdAna66875373,X.com/MohdAna66875373,Mo Anas Siddiqui🇵🇸🔻,1244341497165540000
1059,Mokiller98,X.com/Mokiller98,Mohamed Arab 🔻🇵🇸 💚🤍🖤,802951578428867000
1060,MounAmar96,X.com/MounAmar96,Mahmoud 🇵🇸,1713515997225790000
1061,Mousacisse1,X.com/Mousacisse1,MOCez🇷🇺🇮🇶🇾🇪🇨🇳🇵🇰🇵🇸🇱🇧🇮🇷🇰🇵🇪🇸☀️,1241930814
1062,Mr_yaash,X.com/Mr_yaash,Y🇵🇸🇮🇷,3158188393
1063,MsMartha15,X.com/MsMartha15,Ms Martha. 🇵🇸,1241530639360260000
1064,MuQawaMaaa,X.com/MuQawaMaaa,Resistance 🇵🇸🇮🇷🇬🇭,949762407353733000
1065,Muhammadfullo,X.com/Muhammadfullo,무하마드🇵🇸🇳🇬,1782090211083560000
1066,Murtalaadoyaha1,X.com/Murtalaadoyaha1,Audublack99 🇵🇸🇵🇸🇵🇸,2442824590
1067,MuskaanMujahid,X.com/MuskaanMujahid,Muskaan Mujahid | 🆓🇵🇸,3263063647
1068,MymonSagar,X.com/MymonSagar,Sagar Mymon 🇵🇰🇵🇸🇮🇷❤️,1597935430846100000
1069,NAgueda2,X.com/NAgueda2,Nadia_agueda2 🇲🇽🇵🇸🇵🇸🇵🇸,983083245012226000
1070,NTruthurtz,X.com/NTruthurtz,NazTruthurtz🇵🇸,1397581912747680000
1071,NaadiyaW786,X.com/NaadiyaW786,Naadiya_🇿🇦🇵🇸,1235926107658040000
1072,Nada__Mais,X.com/Nada__Mais,vaio 🇵🇸 🪂,967774719125672000
1073,NanoSpacecrafts,X.com/NanoSpacecrafts,nanosat. the dawn of a new era 🇺🇦🇵🇸,1083927277
1074,NawabNiyayesh,X.com/NawabNiyayesh,نواب نیایش🇮🇷,867309831589425000
1075,Newrawriot,X.com/Newrawriot,Neuroriot 😷🇸🇩🇵🇸,1306245326811080000
1076,Nia__03,X.com/Nia__03,🇵🇸🇾🇪Stefanía Nia🇮🇷🇮🇷 🇱🇧🇱🇧🇸🇩🇨🇩,342311074
1077,NicolasMalavida,X.com/NicolasMalavida,Nicolás Malavida 🇵🇸,757122519488991000
1078,Nina46079517,X.com/Nina46079517,Nina LULA 2026 🇵🇸,1265056405373020000
1079,NoelCR711,X.com/NoelCR711,Cristiano7🇵🇸🇮🇷,1777209631766420000
1080,Norah____h15,X.com/Norah____h15,Norah H 🇵🇸,1672008348202310000
1081,Noyboo1,X.com/Noyboo1,Noyboo 🇵🇸🪃🏴,1477153363984720000
1082,NuriaMa62952421,X.com/NuriaMa62952421,Nuria 🇵🇸🇮🇷🇱🇧,1853593316551470000
1083,OM_reader,X.com/OM_reader,ANTISIONISTA ✊🏻🔻🌵🇵🇸,892663047264895000
1084,ObaiCJ,X.com/ObaiCJ,أُبي 🇵🇸,211855105
1085,OccamsRazorZone,X.com/OccamsRazorZone,Occam's Razor Zone✊🏾🇵🇸 #FuckIsrael,1197842855538170000
1086,Omega247omega,X.com/Omega247omega,🇵🇸🇨🇺🇮🇷,2372379606
1087,OpenlyClassist,X.com/OpenlyClassist,Openly Classist ☮️Ⓐ❋🏳️,273731990
1088,OwlCottage73580,X.com/OwlCottage73580,OwlCottage🏡🦉🇵🇸,2050738091510340000
1089,PG876,X.com/PG876,PG876🇯🇲🇵🇸🇸🇩🇨🇩🇨🇺🇱🇧🇮🇷🇾🇪,1418290136983510000
1090,PonziMormon,X.com/PonziMormon,MormonDEI™ Multi-Level Marketer 🇵🇸🔻,1710181494805890000
1091,PresidentAbou,X.com/PresidentAbou,Abutrikah Best 🇰🇪 🇷🇺 🇵🇸,285546311
1092,ProofUltimate,X.com/ProofUltimate,Ezekiel | Free Palestine 🇵🇸,2039714891678760000
1093,QuiteBH,X.com/QuiteBH,Quite bh 🇧🇭🇵🇸,117442385
1094,REDDEAD_uzi,X.com/REDDEAD_uzi,REDDEAD_uzi🇵🇸🇾🇪🔻Z🍀,1027623779051160000
1095,ROsariban44817,X.com/ROsariban44817,🇮🇪 Saoirse don Phalaistín 🇵🇸,1824430661207460000
1096,Rafaelrey_7,X.com/Rafaelrey_7,Rafaelrey🇧🇷🇮🇩🇵🇸🇱🇧🇿🇦🇨🇳🇷🇺,1937040102699800000
1097,Rakoonin,X.com/Rakoonin,🇸🇩Rakoonin🇵🇸,889537541451293000
1098,RedOrb4pal,X.com/RedOrb4pal,🇵🇸✊🏽🔻,182738239
1099,RendleRachael,X.com/RendleRachael,Rachael R 🇮🇪🇵🇸🇱🇧🇸🇩🇮🇷,940011994324771000
1100,RfyqM24383,X.com/RfyqM24383,رفيق_شعوث_العملسي★🇵🇸★🇾🇪★,1814836128924770000
1101,RifNazir21,X.com/RifNazir21,Rif Nazir Ali🇵🇸,635693350
1102,Rob73437828,X.com/Rob73437828,🇷🇺🇵🇸🇨🇳 FREE PALESTINE,1197934847861370000
1103,RonRice_,X.com/RonRice_,Ron Rice: deleuzian marxist 🇵🇸 🇨🇺 🇻🇪,896812963264291000
1104,Rumba75306062,X.com/Rumba75306062,Abu Turab 🇵🇸,1136354409179260000
1105,SNaeemOfficial,X.com/SNaeemOfficial,Syed Naeem Shah 🇵🇸 🇵🇰,1210612137632110000
1106,S_R_Goddo,X.com/S_R_Goddo,Shahriar Rahman 🇧🇩🇵🇸,839522515458253000
1107,SaadanLashari,X.com/SaadanLashari,Saadan Lashari 🇵🇸,1426958556306230000
1108,SabraFajr,X.com/SabraFajr,Faraj Sabra🇵🇸,828229527729996000
1109,SadiPGujjar,X.com/SadiPGujjar,Saad Pervaiz Gujjar 🇵🇸,129272134
1110,Salahkh723,X.com/Salahkh723,Salah صلاح🇵🇸,1457594138413650000
1111,Samf9993,X.com/Samf9993,Sam 🇮🇳 🇵🇸,1691665735397800000
1112,SandraMillar6,X.com/SandraMillar6,WeeSandy 🏴,94111889
1113,SandyMoly,X.com/SandyMoly,Sandy M 🇵🇸,844567206
1114,SatanLiveInUSA,X.com/SatanLiveInUSA,Son of Adam®🇵🇸,1240049497
1115,SayidMuhammad72,X.com/SayidMuhammad72,Sayyid Muhammad 🔻 🇵🇸,1741808786598220000
1116,SeattleBlocked,X.com/SeattleBlocked,Seattle 🇵🇸,1534054780724650000
1117,Sentletse,X.com/Sentletse,Sentletse 🇿🇦🇷🇺🇵🇸🇱🇧,40548465
1118,ShadyUA_07,X.com/ShadyUA_07,Shady 🇵🇸,389719712
1119,ShattaRonaldo,X.com/ShattaRonaldo,Baba🇵🇹🇵🇸,1151548906037240000
1120,ShatteredXLV,X.com/ShatteredXLV,Mr. Bigshot | #FreePalestine 🇵🇸,878577243232104000
1121,Sheba_100,X.com/Sheba_100,Sheba 🇵🇸🇵🇸🇵🇸,857039244
1122,Shelomohkeita,X.com/Shelomohkeita,Anti-Capitalist🇵🇸🇮🇷🇻🇳🇨🇺🇿🇦,1125114126903200000
1123,ShrimaanAashik,X.com/ShrimaanAashik,Aashik Khan 🇮🇳🇵🇸,1707132600
1124,SocialRightsIRL,X.com/SocialRightsIRL,Social Rights Ireland 🇮🇪 🇵🇸,236958467
1125,Some_guy342,X.com/Some_guy342,Habataki 🇵🇸,914080797497291000
1126,Stephen67843639,X.com/Stephen67843639,🇵🇸💔🕊️Stephen,1104353697830580000
1127,SwamadC,X.com/SwamadC,Multipolar 🇰🇪🇱🇧 🇵🇸,869224908
1128,Tachai_213,X.com/Tachai_213,تاچای |🇮🇷🇵🇸,1480395054263020000
1129,Talib_voice,X.com/Talib_voice,Abutalib_Nisa 🇮🇳💗🇶🇦🇵🇸,1211696662210470000
1130,TheEvilGenius3,X.com/TheEvilGenius3,Wee Fat Lump 🇵🇸🇮🇪🏴,771980403905364000
1131,TigeProcyshyn,X.com/TigeProcyshyn,Tige Procyshyn 🇨🇦🇵🇸🇺🇦,398483708
1132,TipuOsman1,X.com/TipuOsman1,Tipu Osman 🇵🇸,1280023200177540000
1133,TrainWreck1766,X.com/TrainWreck1766,TheGreatResist 🇺🇸 🇷🇺 🇵🇸 🇾🇪🇸🇾,1554598261079660000
1134,UmarBashir01,X.com/UmarBashir01,Umar 🇵🇸,340272848
1135,VandaHer,X.com/VandaHer,Doggie Mom🇵🇸,1555470477334020000
1136,Vladimir77Lenin,X.com/Vladimir77Lenin,Izzy Vladimir 🇷🇺🇧🇾🇨🇳🇮🇷🇵🇸🇨🇺,1650735342247370000
1137,Vojin_31,X.com/Vojin_31,P.D.G.🇾🇪🇦🇲🇵🇸,4505736682
1138,Waleedahmed9991,X.com/Waleedahmed9991,Mian Waleed Ahmed🇵🇸,1350182847370460000
1139,XZouby,X.com/XZouby,Freedom Knight 🇵🇸,553812038
1140,Y8Fwdg,X.com/Y8Fwdg,أبو عبدالله الخميسي🇵🇸🇾🇪,1289686433939240000
1141,Ya_Mahdi_313A,X.com/Ya_Mahdi_313A,🇾🇪🇵🇸🇮🇷مهدی یار,1967658612584550000
1142,Yasser1324338,X.com/Yasser1324338,محور المقاومة 🇵🇸🔻,1805827145542810000
1143,Yasser_Noun1,X.com/Yasser_Noun1,🇵🇸 يا سر,1197940265409030000
1144,Yemi_yemi13,X.com/Yemi_yemi13,🇵🇸Naija Memes 🇷🇺,2256242249
1145,YourAnonMember1,X.com/YourAnonMember1,TheDragønEmperør🇵🇸,796743420027032000
1146,Yugud001,X.com/Yugud001,התאום הרע 🔻🇳🇬🇵🇸,1815061315934620000
1147,Z_I_M_Pakistan,X.com/Z_I_M_Pakistan,Zara Iftikhar Mufti 🇵🇰🇵🇸,1513232404391290000
1148,ZahidKh735121,X.com/ZahidKh735121,war against crime🇵🇸🇾🇪🇮🇷,1805466890929950000
1149,Zakaisback,X.com/Zakaisback,Zaka 🇵🇸🇱🇧🇸🇩🇨🇩🇨🇺,2057732044717780000
1150,ZarinHossain0,X.com/ZarinHossain0,Zarin Hossain🇵🇸,1729893770806840000
1151,_ABCD_12345678_,X.com/_ABCD_12345678_,The Rock 🇵🇸 🔻,547930001
1152,_Aryha_,X.com/_Aryha_,🇵🇸 🇮🇷 اریحا,878683552040317000
1153,_Ninit_,X.com/_Ninit_,Tino 𓂆🇵🇸🇨🇺,150580841
1154,_Popins,X.com/_Popins,Mary 🇵🇸,1514147214607720000
1155,_Reshoketswe_,X.com/_Reshoketswe_,Lil Intro Vert 🇿🇦 🇵🇸 🇨🇩🇮🇷🇸🇩,102016058
1156,_ajit8_,X.com/_ajit8_,𝕒𝕛𝕚𝕥𝟠🏴,49731754
1157,_cl59_P,X.com/_cl59_P,Hussein Nasser🇾🇪🇵🇸,774300527249203000
1158,_youknowwho_07,X.com/_youknowwho_07,grand regent fahad 🇵🇸,1379201528188320000
1159,a_alhkim7355,X.com/a_alhkim7355,عبدالحكيم الخميسي 🇾🇪✌🏻🇵🇸,1916577176499160000
1160,aanabes,X.com/aanabes,AB 🆎 🇵🇸 It's Palestine,1079933841287120000
1161,abbas63430,X.com/abbas63430,Akram A. riz 🇮🇳🇵🇸,1682994838612880000
1162,abbashawk,X.com/abbashawk,Abbasid #Free Palestine 🇵🇸,54655729
1163,abdrcao,X.com/abdrcao,しずか Antonio Belo🇵🇸🦉he/him,1380286944
1164,abdullah_s33693,X.com/abdullah_s33693,Abdullah Sakeel 🇮🇳🇮🇷🇵🇸,1978743080304980000
1165,abubakar_mnazif,X.com/abubakar_mnazif,Sadiq 🇳🇬🇵🇸,847119216943796000
1166,abulhukama,X.com/abulhukama,hermes trisgmegistus🇵🇸🇮🇷,1054790003581170000
1167,afterthesunsets,X.com/afterthesunsets,NONE OF YOUR BUSINESS 🇿🇦 🇨🇦 🇵🇸,25857363
1168,aga1nsta11oddz,X.com/aga1nsta11oddz,The Men Of God✌🇵🇸🇱🇧🇮🇶🇮🇷🇾🇪✌,833096286060544000
1169,aggrey_agata,X.com/aggrey_agata,Aggrey Agata🇰🇪🇵🇸🇮🇷,2902222174
1170,aidenazarfan,X.com/aidenazarfan,🇵🇸,1145045675769570000
1171,akaromaeda,X.com/akaromaeda,Akaromaeda 🇵🇸🇱🇧,1556648226744330000
1172,alexabreo22,X.com/alexabreo22,Alex 🇵🇸,2497659612
1173,aligoudarzyy,X.com/aligoudarzyy,Ali Goudarzi 🇵🇸,2247777302
1174,almbtsm28,X.com/almbtsm28,resistant🇵🇸🔻,1551017724549150000
1175,alsino_,X.com/alsino_,λε πετί Κουλί 🇵🇸,476022997
1176,amrhashem822252,X.com/amrhashem822252,amr 🇾🇪🇮🇷🇮🇶🇱🇧🇵🇸,1811098866915370000
1177,anisulhimu,X.com/anisulhimu,Muhammad Anisul Islam🇵🇸 🇧🇩,865054494
1178,anniefofani,X.com/anniefofani,annie fofani🇵🇸,306012283
1179,anonimman137997,X.com/anonimman137997,M_Hikmah_El Capitano💪☕🇮🇩🇵🇸,1704116159665390000
1180,anti_zion2,X.com/anti_zion2,Anti zion ☝🏽🇵🇸,1331027948531540000
1181,antoniomrod8,X.com/antoniomrod8,Antonio Muñoz ☭🇵🇸🇾🇪,1257886940
1182,ar_be_he,X.com/ar_be_he,great dane🇲🇽🇨🇳🇻🇪🇮🇷🇸🇸🇷🇺🇾🇪🇿🇦🇵🇸🇨🇺,1712626268863120000
1183,arif3000,X.com/arif3000,🇬🇧Arif 🇵🇸 🇨🇮 🇿🇦,130586799
1184,ashrafallie2918,X.com/ashrafallie2918,Ashraf Allie™️🇿🇦❤️🇵🇸🔴,716559442905604000
1185,asmamunawar9,X.com/asmamunawar9,asma munawar 🇵🇸,1556281287018700000
1186,barua_82,X.com/barua_82,Ashish🇮🇳🇵🇸🇮🇷🇱🇧,2055781411836350000
1187,basitaliawan512,X.com/basitaliawan512,Basit Ali Awan 🇵🇸🇱🇧🇮🇷🇮🇶🇾🇪,1207249087168490000
1188,bazmandeh5676,X.com/bazmandeh5676,🇮🇷🇵🇸mobarez☝️,1612987626427980000
1189,beebah5,X.com/beebah5,Thankfulbee♥ 🇵🇸,458597619
1190,berriesandsun,X.com/berriesandsun,~ 🇵🇸,854055940529816000
1191,boozchaloo,X.com/boozchaloo,🇮🇷🇱🇧🇮🇶🇾🇪🇸🇾🇵🇸Shirin Boozchaloo,1532058301298610000
1192,c_williams77,X.com/c_williams77,all eyes on Palestine 🇵🇸,332269638
1193,cemeterymoss,X.com/cemeterymoss,bird girl 🇵🇸🔻🐦,423133304
1194,chathu87,X.com/chathu87,Chathu Meewaddana 🇵🇸,20891158
1195,citrus_kyoto,X.com/citrus_kyoto,しとらす＠京都🇺🇦🇵🇸🇹🇼,118680476
1196,collinsMANGO,X.com/collinsMANGO,Collins Mango 🇵🇸🇰🇪,295239475
1197,condemntheusa,X.com/condemntheusa,Resistance is Love ❤️🔻❤️🇵🇸,869774842333188000
1198,cuervingenuo,X.com/cuervingenuo,Cuervo Loco 🇵🇸🇸🇾🇾🇪🇱🇧🇮🇷🇷🇺🇨🇳,3459884242
1199,david_fairn,X.com/david_fairn,AGITPROP!🗯💣🧨🔥💥🚩🔻🇵🇸🇨🇺🇨🇳🇻🇳🇾🇪🇿🇦,1048647366
1200,death_ray_0,X.com/death_ray_0,"AYAH🇵🇸 (✸,✸)",1807738344560050000
1201,deepdowndread,X.com/deepdowndread,darrr 🇵🇸,1048530265310680000
1202,defjansen,X.com/defjansen,DavJan🇿🇦🇵🇸🇱🇧🇾🇪🇮🇷,2213561068
1203,delhi_dave,X.com/delhi_dave,Definitely Donald 🇵🇸#PalestineLives #BDS,2408645694
1204,dipptak,X.com/dipptak,- 🇵🇸,507234932
1205,drtksaad,X.com/drtksaad,Tsaad 🇱🇧🇵🇸,1074843120
1206,dublinactivist,X.com/dublinactivist,@DublinActivistAmandaC #FreedomFlotilla 🇮🇪✊🇵🇸,1067995648857790000
1207,duplicateghost9,X.com/duplicateghost9,ibrahim aliyu 🇳🇬 🔻🇵🇸,1485291032
1208,e_manning,X.com/e_manning,Esther Manning 🇲🇽🇵🇸,155350308
1209,edisonburbanoOK,X.com/edisonburbanoOK,Edison BUrbano 🇨🇴 🇦🇷 🇻🇪🇵🇸,4406287341
1210,elchusdegranada,X.com/elchusdegranada,jesús de graná 🇵🇸,498776300
1211,elekjappa,X.com/elekjappa,ElekJappa 🇵🇸,2904133034
1212,eliborebark,X.com/eliborebark,EliboreBark 🇵🇸🇱🇧🇮🇷,1240639126119970000
1213,ell_rufai,X.com/ell_rufai,Gho$T🇵🇹🇵🇸,1208082912823990000
1214,elperrogacho,X.com/elperrogacho,El perro gacho 🔻🇵🇸,54073926
1215,enfree1993,X.com/enfree1993,Enrico60🇮🇹🇨🇳🇷🇺🇵🇸🇮🇷,1015683182060950000
1216,fibonyacci,X.com/fibonyacci,ഡൂമർ ഗേൾ 🇮🇳🇨🇳🇷🇺🇵🇸🇰🇵🇨🇺🇮🇷,367066674
1217,free_blacks,X.com/free_blacks,Marena Godlo 🇿🇦✊🏾 🇵🇸,1259162723012810000
1218,fridaygirl13,X.com/fridaygirl13,GraffitiGirlFriday🇱🇧🇦🇺🇵🇸,499694976
1219,frkankscu01,X.com/frkankscu01,M. Furkan Kuşçu🇹🇷🇵🇸,1559258938088080000
1220,fulplan,X.com/fulplan,FulPlan … 🇵🇸🎭,1502895476
1221,funkywitch1982,X.com/funkywitch1982,Karyna Morris✌❤☮☯🌍⛥ Free Palestine 🇵🇸,156406849
1222,gabo_mtzs,X.com/gabo_mtzs,Gabriel Martínez 🇵🇸🇾🇪,1381723069434230000
1223,globally_just,X.com/globally_just,Global_Justice 🇵🇸 🇺🇦🇱🇧🇮🇷🇻🇪,1800575774837100000
1224,hachaymacheete,X.com/hachaymacheete,🪓🐉🇵🇸🇱🇧✌🏾,1579512434645250000
1225,haikopp,X.com/haikopp,رجل من الشرق🇵🇸,546843639
1226,hajiaba_,X.com/hajiaba_,Makosa 🇬🇭 🇵🇸 🇨🇩 🇸🇩,1520897450
1227,houthi_h_i_h_,X.com/houthi_h_i_h_,Medical Student 🩺🥼🇵🇸𓂆,1702459442124490000
1228,i_5_6,X.com/i_5_6,إبراهيم الهادي 🇴🇲 🇵🇸,2864318240
1229,iddi_bashora,X.com/iddi_bashora,Bashora ~ Ahlul Bayt🇵🇸,1397512075635800000
1230,illi4141,X.com/illi4141,illinois cook 🇵🇸,368303654
1231,imeanit77,X.com/imeanit77,Concerned Citizen of 🇹🇿 🇵🇸🔻,4705237527
1232,integra9290,X.com/integra9290,Isra 🇲🇽 🇵🇸,100546641
1233,iraq_hn,X.com/iraq_hn,🇮🇶🇵🇸🇮🇷🇷🇺,1565451525274700000
1234,izzo_btc,X.com/izzo_btc,izo - Running ₿itcoin - FREE PALESTINE 🇵🇸,1401525895660250000
1235,jala_leb,X.com/jala_leb,Dr. Jala 🇱🇧 🇵🇸,327091166
1236,jannahseeker99,X.com/jannahseeker99,korban mulyono 🇵🇸,1600015543062660000
1237,jaraparilla,X.com/jaraparilla,Jaraparilla 🇾🇪 🇵🇸 🇱🇧,60006673
1238,jinghostjin,X.com/jinghostjin,Cr7Ghost 🇧🇩🇵🇸,1699253533529550000
1239,jojoswitz,X.com/jojoswitz,Jojo's wit 🇵🇸,222036729
1240,jong_slow,X.com/jong_slow,PsyOp 2026 ☸️ 🇵🇸 🇺🇸,1247494403293360000
1241,josargor,X.com/josargor,Jose Mari🔻🇵🇸🇻🇪🇨🇺🇮🇷,302027960
1242,jralvins,X.com/jralvins,🇻🇪🇵🇸,109360713
1243,jumose57,X.com/jumose57,Jumose ☭🇵🇸🇨🇺🇷🇺🇨🇳,3040908400
1244,justicelovepeac,X.com/justicelovepeac,Amalek Descendent 🇵🇸,732505755660607000
1245,khaleds657,X.com/khaleds657,khaled 🇮🇷 🇨🇺 🇧🇴 🇵🇸 🇩🇿 🇻🇪 🇳🇮,2817264324
1246,komradsky_1917,X.com/komradsky_1917,Komradsky 🇵🇸🇰🇵🇷🇺🇨🇳🇻🇪,1937553036353950000
1247,konvyslick,X.com/konvyslick,Slick🇵🇸,1778279176505600000
1248,kuffiyeha,X.com/kuffiyeha,palestinalibera 🇵🇸,1774976443660820000
1249,kvshspliff,X.com/kvshspliff,🇸🇩🇨🇩🇵🇸,1063325983175050000
1250,lateeph_olawale,X.com/lateeph_olawale,Abdullateef Olawale 🇳🇬🇵🇸,1100351068565850000
1251,lawal0la,X.com/lawal0la,🇳🇬Oluwatosin☪️🇵🇸🇨🇩,879377662371869000
1252,lawdefender_,X.com/lawdefender_,Law Defender⚖️🇵🇸🇵🇸🇵🇸,1805321707483180000
1253,levantkrey,X.com/levantkrey,Levantine •𓂆🇵🇸,1750127074654770000
1254,lyly1840791,X.com/lyly1840791,ابو جهاد المهدي 🇾🇪🇵🇸🇱🇧🇮🇶,1709318015437640000
1255,madridistadz20,X.com/madridistadz20,Francescoli🇵🇸🇩🇿🇪🇭🎖🎖,1145422117200160000
1256,mahbubchow24322,X.com/mahbubchow24322,Mo 🇺🇸 🇵🇸,1852088730707740000
1257,malihe_rose,X.com/malihe_rose,Malihe(ام محمد)🇵🇸🇾🇪🇱🇧🇮🇶,1804680946744190000
1258,marcosvmf_,X.com/marcosvmf_,Marcos Feres 🇵🇸,1470789843877780000
1259,mareevento,X.com/mareevento,rahma cristina 🔻 🇵🇸 🇱🇧 🇾🇪 🌷 🇨🇺,241567202
1260,marinadebrot,X.com/marinadebrot,Debrota 🇧🇷🇨🇭🇵🇸,293825688
1261,maryj59,X.com/maryj59,maryj59🇵🇸🇨🇮,18022791
1262,matt7gh,X.com/matt7gh,Matteo Galante 🇷🇺 🇵🇸 🇾🇪 🇱🇧 🚀🪂🔻,89211519
1263,mavera365,X.com/mavera365,rainboy...🇵🇸,944007852
1264,mb2175,X.com/mb2175,maryam🇮🇷🇵🇸,1586074528651830000
1265,mbhuriyavacanyi,X.com/mbhuriyavacanyi,"#RememberKhwezi, MBA 🇿🇦 🇵🇸 🇮🇷",513597168
1266,megg_souza_,X.com/megg_souza_,Meg 🚩 🇵🇸 🟩⚪️🟥,130307102
1267,melanie_needham,X.com/melanie_needham,Melanie Needham▪️Free 🇵🇸 ▪️,54833278
1268,melina_nilles,X.com/melina_nilles,Melina Nilles 🇵🇸 auxbâillonnésdelaTerre,99620152
1269,melisarivas24,X.com/melisarivas24,melisa rivas 🇷🇺🇵🇦🇵🇸🇨🇳🇳🇮🇨🇺🇻🇪,573078734
1270,memudin,X.com/memudin,memudin 🇵🇸,1179647786423390000
1271,mhaiderimtiaz,X.com/mhaiderimtiaz,Haider Imtiaz 🇵🇸,146089674
1272,mikada1702,X.com/mikada1702,Iris Ulmann🇷🇺🇷🇺🇷🇺☦️🇨🇳🇵🇸,1711012916541940000
1273,mirzamuham80454,X.com/mirzamuham80454,Mirza🇵🇰 Muhammad🇵🇸 Usman Baig,1648265169049650000
1274,mo_shiralipour,X.com/mo_shiralipour,🇵🇸🇮🇷,851810789539410000
1275,mobeenshafaat,X.com/mobeenshafaat,Mian Mobeen Shafaat 🇵🇸🇵🇰 🍁,26996019
1276,mobinmohammadiy,X.com/mobinmohammadiy,Mobin🇮🇷🇾🇪🇵🇸🇱🇧🇮🇶,1522321114550220000
1277,moh_M11111,X.com/moh_M11111,محمد مصلح الوروري 🇾🇪🇵🇸,1826992543604590000
1278,moslamicbh,X.com/moslamicbh,moslamic II 🇾🇪🇵🇸,1818759953769020000
1279,mr100____,X.com/mr100____,Palestine Zindabad! 🇵🇸 🇮🇷 🇱🇧,2022060965349760000
1280,mres313,X.com/mres313,🔴⚪️الله⚪️🟢مراص🇵🇸🇱🇧🇾🇪,1396504146010840000
1281,muhammad_tabis,X.com/muhammad_tabis,Tabish Abbasi 🇵🇰🇵🇸,1335288703384700000
1282,muntazireimam84,X.com/muntazireimam84,Haider Ali 🇵🇰🇵🇸,1240298543870550000
1283,mxspoonr,X.com/mxspoonr,chapéu de fascista é marreta 🇵🇸🔻,1443268525238460000
1284,naabi_said,X.com/naabi_said,عماني مع المقاومة 🇵🇸🇴🇲 No peace without fighti,2573230999
1285,najarraarif,X.com/najarraarif,Urooj Aarif 🇵🇸,3034195458
1286,nalymny37,X.com/nalymny37,{🇾🇪ثـــــابـــت🇵🇸} الاحتياطي,1844901947989500000
1287,nightingale_Yan,X.com/nightingale_Yan,Mariam 🔻🔴🟡🟣🇵🇸,1070433082040300000
1288,ninoqazi,X.com/ninoqazi,Nilofer Afridi Qazi 🇵🇰🇵🇸🇮🇪,222123736
1289,nittyBites,X.com/nittyBites,Helena Handbasket 🇺🇸 🇵🇸,1821685681464220000
1290,noonchai_0,X.com/noonchai_0,🇵🇸 🍁,1192913442694250000
1291,noonu_online,X.com/noonu_online,Noonu Online🇲🇻🇵🇸🇮🇷🇱🇧🇿🇦,1430397552323530000
1292,notronmexicuh,X.com/notronmexicuh,Abu Mexicuh 🇵🇸🪂🔻☭,1757557945947320000
1293,obeid_zainab,X.com/obeid_zainab,Zainab Obeid 🇵🇸🇱🇧,1187674560398840000
1294,okowais234,X.com/okowais234,owais 💪🇮🇳✌️🇵🇸✌️🇮🇷💪,1581910411125080000
1295,pams_soo,X.com/pams_soo,pam’s 🇫🇷🇱🇧🇵🇸,603797450
1296,papabaklava,X.com/papabaklava,Cartoonishly Big 🍞🇵🇸🇨🇺🔻⚒️,1019052750137630000
1297,paralyssaa,X.com/paralyssaa,alyssa 🇵🇸,2038818214725960000
1298,pastiakandatang,X.com/pastiakandatang,THE DAY WILL BE COMING 🇮🇩🇵🇸,4877918644
1299,pea71151,X.com/pea71151,🇵🇸 🇱🇧 🇮🇷 MSB,1816374795837080000
1300,phantasm_067,X.com/phantasm_067,Motteflash🇵🇸 🇮🇷 🇲🇾🇰🇼🇸🇦,1374338693628970000
1301,pious__athiest,X.com/pious__athiest,we're all mad here 🇵🇸🇺🇸,80881894
1302,pipp100,X.com/pipp100,old man river #FBPE@pipp100 🇵🇸UPSCROLLED@Pipp100,551763116
1303,pyare_khan00000,X.com/pyare_khan00000,.🇵🇸,1334725461491010000
1304,qa_kd7,X.com/qa_kd7,-لـيـــث الـيـمـن™🇾🇪🇵🇸•,2353039473
1305,qualann,X.com/qualann,Máire 🇵🇸 NiGiollaBhríde,238700590
1306,radflohistory,X.com/radflohistory,Radical Florida History 🇵🇸🔻🪂,41823793
1307,rainebyoona1,X.com/rainebyoona1,Reagan🇺🇬🇵🇸#Avenger003,2841046444
1308,rank_j,X.com/rank_j,j arthur rank 🇵🇸,1808576208227160000
1309,redjade_hu,X.com/redjade_hu,jd 🌍🇪🇺🇭🇺🚀 & 👍🇺🇦🇵🇸,17894700
1310,rociocangla,X.com/rociocangla,Rocío Campos 🇪🇸🇲🇽🇵🇸🇨🇺🇷🇺🇮🇷🇱🇧🇾🇪,460358477
1311,rojoChilean,X.com/rojoChilean,Red Chilean 🇨🇱🇷🇺🇵🇸,1321552596486810000
1312,roohollaah313,X.com/roohollaah313,روحــ الله 🇵🇸,1229358733152670000
1313,rorofofo151,X.com/rorofofo151,سيدة نفسي 💕 {88}~¶🇵🇸♥️🦋,705367287
1314,rosa_rior,X.com/rosa_rior,Rosa 🇵🇸,2800446880
1315,sadafkh49485464,X.com/sadafkh49485464,sadaf khan 🇵🇸,1501838157817730000
1316,saeedwattoo,X.com/saeedwattoo,Saeed Wattoo 🇵🇸,131898025
1317,sapphosp3npal,X.com/sapphosp3npal,Miguel O'Hara's partner (real) 🇵🇸🔻,823878115713761000
1318,sara_khan56730,X.com/sara_khan56730,Sara 🇵🇸,2603938014
1319,shamshad_hashmi,X.com/shamshad_hashmi,Syed Shamshad Ali🇵🇸🇵🇰🇮🇪🇪🇸,565477459
1320,shipa123,X.com/shipa123,sa 🙅🏻,176087555
1321,shueybss,X.com/shueybss,Shuaib 🇲🇻🔻🇵🇸,2447536092
1322,sonalreich,X.com/sonalreich,yachiyo miki#FreePalestine 🇵🇸🇮🇷,343220257
1323,sooshu94,X.com/sooshu94,🇹🇳 Nada 🧕 🇹🇳 (SeulGi) 🇵🇸,1348165413364970000
1324,soulfullofflags,X.com/soulfullofflags,nicolás🌹 #NoAlTPP11 🇰🇵 🇵🇸 🇾🇪,3029272979
1325,spensir1,X.com/spensir1,Chifu 🇵🇸,1854384470
1326,stephen_moatshe,X.com/stephen_moatshe,Section204 Witness 🇵🇸 🇮🇷 🇮🇷 🇮🇷 🇮🇷 🇮🇷,724934062788452000
1327,suryaamriza,X.com/suryaamriza,samurai ayz 🦉🇲🇨 🇵🇸 🇮🇪,21820963
1328,syedonalt,X.com/syedonalt,Syed-AL-Hind 🇮🇳🇵🇸,1994830156901620000
1329,tausifNZ,X.com/tausifNZ,Tausif🇵🇸,1636822337419880000
1330,telephonic1892,X.com/telephonic1892,TelephonicIsBack🇵🇸,1229187492139670000
1331,the_9th_hokage,X.com/the_9th_hokage,radic-al 🇵🇸🇭🇹 🇨🇺,377018120
1332,thefishermon,X.com/thefishermon,brad Stewart 🇵🇸,214714335
1333,thembile_hlati,X.com/thembile_hlati,Thembile🇿🇦 🇷🇺 🇵🇸 🇾🇪🇮🇷,2531647684
1334,this_user15,X.com/this_user15,Mlambo 🇵🇸,607483023
1335,truebeliever53,X.com/truebeliever53,Murtaza 🇵🇸🇮🇳🇮🇷,403259820
1336,ttxp_fctn7007,X.com/ttxp_fctn7007,ttxp🏳️,4852153488
1337,tuheen17,X.com/tuheen17,Shad 🇵🇸,1279127416112280000
1338,turbineofhope,X.com/turbineofhope,अकांक्षा 🇵🇸,4835570496
1339,twittle46402935,X.com/twittle46402935,Super Woke 🇺🇦 🇮🇱 🇵🇸 🏳️,1084182198708780000
1340,txurini,X.com/txurini,Gerry 🇵🇸,400818992
1341,unseen_light,X.com/unseen_light,hasan abbas 🇵🇰 🇵🇸,66940078
1342,vannybarrera80,X.com/vannybarrera80,Vanessa Barrera🇲🇽🇷🇺🇵🇸🇨🇺,160587973
1343,vettukulam,X.com/vettukulam,end the genocide 🇵🇸,388116452
1344,virangar65,X.com/virangar65,"🇵🇸ali,hashemi6214",1640491020969300000
1345,walking_Sadman,X.com/walking_Sadman,Walking Sadman 🇵🇸,1499995397816820000
1346,wallfukinflower,X.com/wallfukinflower,Azhar 🇵🇸,991532798086451000
1347,wamsha92s,X.com/wamsha92s,🇵🇸,128208311
1348,wendzedin,X.com/wendzedin,wendz 🏴,123037377
1349,wettanaam,X.com/wettanaam,"All My Homies Hate Diomaye,Macky&Israel, 🇵🇸 Shia",796565698617180000
1350,winthersbot,X.com/winthersbot,tati 🇵🇸,1368301056325780000
1351,xunaed,X.com/xunaed,JK 🇧🇩 🇵🇸 🇮🇷 ✊,270788428
1352,yasing221,X.com/yasing221,爆彈🇵🇸,1390210221172160000
1353,yearninquilab,X.com/yearninquilab,🔻🍁🇵🇸,1867614203248620000
1354,yehouda2813371,X.com/yehouda2813371,yehouda 🇵🇸🎗️#EpsteinFiles,1900755212887040000
1355,zahrae12016,X.com/zahrae12016,زهراء🇱🇧🇮🇷🇮🇶 🇾🇪 🇵🇸,1195250289403740000
1356,zainabsadat_m,X.com/zainabsadat_m,سیده زینب موسوی🇵🇸🇱🇧🇮🇷#إنا_على_العهد,1293596211794990000
1357,zainalabdin22,X.com/zainalabdin22,zainalabdin ali🇾🇪🇵🇸🇱🇧,3190197235
1358,zjd_zjd,X.com/zjd_zjd,🇵🇸...زيد,1094545136623720000