username,connected_via,account_based_in
ShafiqueQasim,Pakistan Android App,Pakistan
raymonddelauney,United Kingdom App Store,United Kingdom
Dr_KayvanSaedy,United States App Store,Iran
IRANinBRUNEI,Web,Brunei Darussalam
MacJuanma,Spain Android App,Spain
whereangelsdare,Pakistan Android App,Pakistan
edris_vahdat666,Iran Android App,Germany
don_vulpine,India Android App,India
tchemtcem,Web,France
resistance7771,United Kingdom App Store,United Kingdom
VickiewWest,United Kingdom App Store,United Kingdom
S_U_Dikko,Nigeria App Store,Nigeria
Kimia451513,Iran Android App,Iran
Moh4mmd,Iran Android App,Iran
Moradian_ir,Denmark App Store,Hungary
mdmdn49015232,Yemen Android App,Yemen
SelbagD,United States App Store,United States
shahendahawary,United States App Store,Egypt
BBC_WorId,South Asia App Store,South Asia
AlecsGlez,Mexico Android App,Mexico
cjeewa,South Africa App Store,South Africa
notintrestedb,United States App Store,United States
SunilKumarAus,United States App Store,United States
hh__dd40,Iraq Android App,Iraq
Ya_zahra90,Germany Android App,Iran
mashroteh_khah,Iran Android App,Iran
SChenHayes,United States App Store,United States
LACryptoDoctor,United States App Store,United States
simbalkh,Pakistan App Store,Pakistan
ShreoshiB,India Android App,India
Vendetta_110,South Asia Android App,South Asia
6140POEM,Korea App Store,Korea
Amirkurd1386,Iran Android App,Iran
AliRazaSays_,Pakistan Android App,Pakistan
david_fairn,Canada Android App,Canada
RosanneMil3145,Web,United States
TheFlying_Goat,Uganda Android App,Uganda
SarahhFadel18,Lebanon App Store,Lebanon
jad_bitar64,Lebanon Android App,Lebanon
ToobaOkhravi,United States App Store,Germany
ChubbyRoots,Web,Viet Nam
TheEvilGenius3,United Kingdom Android App,United Kingdom
enio_mori,Iran Android App,Germany
CasaChichi,United States App Store,United States
McIslamofobia,Spain Android App,Spain
marypgkeating,Ireland Android App,Ireland
Marypgkeating,Ireland Android App,Ireland
mostafahamedi_y,West Asia Android App,West Asia
IRANinBiH,United States App Store,Bosnia and Herzegovina
Catherine022877,Germany App Store,Germany
DrIftilharR,Canada App Store,Canada
afropessimistic,United States App Store,United States
msianputeri,Malaysia Android App,Malaysia
asraaddvuux,Yemen Android App,Yemen
jalalrashidi404,United States App Store,Iran
seyyed_relax,Iran Android App,Netherlands
ahmad_sayeem,India Android App,India
AliRamji2,Web,Canada
NBI2345,North America App Store,North America
AtefehKhanoom,United States App Store,United States
RangaSiyaar1,India App Store,India
Mobin3232,Pakistan Android App,Pakistan
MataHarikka,Turkey Android App,Turkey
Farz_Zaad,Mexico Android App,Mexico
AjitNagrgoje,India App Store,India
Psalmuel220,United States App Store,Nigeria
elchusdegranada,Spain Android App,Spain
PauletteAlt,United States Android App,United States
shipa123,United Kingdom App Store,United Kingdom
Jeszczebardziej,Web,Poland
Samira27040081,Jordan Android App,Jordan
Javed09628124,United States App Store,United States
cherry_c_c_c_,Japan Android App,Japan
yellowbeppe,Web,Italy
Khan786Rish,Australasia App Store,Australasia
ibnyahya43,Yemen Android App,Yemen
mars_mad69,South Asia Android App,South Asia
MaywaMontenegro,United States Android App,United States
SelinaGreaves21,Europe App Store,Europe
zeynab_banoo313,Iran Android App,Iran
DFBbear,North America Android App,North America
Siyasi01,United Kingdom Android App,United Kingdom
VazquezSonne4,United States Android App,United States
wwishuwerehere,Turkey App Store,Turkey
show_pappy,United Kingdom App Store,Ireland
mohammad1078614,Germany Android App,Germany
Skyebright8,Web,Australia
Omani70s,United Arab Emirates Android App,Oman
mobeenshafaat,Pakistan App Store,Pakistan
davedurringo22,United States App Store,United States
azamofu1230,Japan Android App,Japan
smerkinkones,United Kingdom App Store,United Kingdom
Sonofearthhh,Kenya Android App,Kenya
Zakhmeh12,Iran Android App,Iran
Ih8imperialism,United States App Store,United States
kedabakis,West Asia Android App,West Asia
ClemFandango987,United Kingdom Android App,United Kingdom
DG21or5,United States App Store,United States
Tesler914,United States Android App,United States
Sseeji,India Android App,India
Rebecca21951651,Web,United States
arshm90,North America App Store,West Asia
toadbaiter,France Android App,France
VidShankarAiyar,India App Store,India
Y8Fwdg,West Asia Android App,West Asia
IRANinDUBAI,Iran Android App,Iran
archimags,Web,India
mohdashoor,North America App Store,West Asia
Nwj__e,Nigeria Android App,Nigeria
ChinaStocksNews,Web,United States
MK_srkian,India Android App,India
MashhadRida,Lebanon Android App,Lebanon
manchan_free,Japan Android App,Japan
MondoARG,United States Android App,United States
NikdelZahr95001,West Asia Android App,West Asia
FreeJacobZuma79,Zimbabwe Android App,Zimbabwe
October23G,United States App Store,United States
TomLinn14,United States App Store,United States
Mw2gR,Japan App Store,Japan
AliDTwitt,United Arab Emirates Android App,Greece
ROYAL_ALWARI,India App Store,India
CookStevenD,United States App Store,United States
SGolkari,United States App Store,Germany
soltysik_rob,United States Android App,United States
Iran_Tigerll,West Asia Android App,West Asia
IWantToBeSam2,West Asia Android App,Europe
ahmadsabet6551,Iran Android App,Iran
nickyfromcasino,Australia App Store,Australia
rzk_ali,India Android App,India
vaquerodepapel,Web,United States
toastedavocado2,New Zealand Android App,New Zealand
sahragraph65hm,India Android App,Iran
ExtraLabel,Italy Android App,Italy
RazzilDarkbrew5,North America Android App,North America
zaibx,South Asia Android App,South Asia
LegalHermit,Europe Android App,Southeast Asia
Irani22417441,United States App Store,Bulgaria
Kwabs72,Turkey App Store,Ghana
Amir0sharifi,Canada App Store,Canada
malicemagic,Pakistan Android App,Pakistan
1Raynfall,Nigeria Android App,Nigeria
hamedthk72,Iran Android App,Iran
ilyesDK13,France App Store,France
ChilloutVille,Europe App Store,North America
Delara1969292,United States App Store,Germany
ArsalanH_Khan,Pakistan Android App,Pakistan
abdulljalo,Nigeria App Store,Nigeria
whited_79,Malaysia Android App,Malaysia
rahimlue_ali,Iran Android App,Iran
SoroushTams,Europe App Store,Europe
chak_gaav,India Android App,India
93Judge,Iran Android App,Iran
I_aint_doit,United States App Store,United States
Mattyfeb37,United Kingdom Android App,United Kingdom
m_jahedbozorgan,Canada App Store,United States
DikmenMec,Web,Europe
MdSakir_,India Android App,India
drizzie,Kenya App Store,Kenya
lic09u,Pakistan Android App,Pakistan
alhndy_samy,Yemen Android App,Yemen
mesbah135,West Asia Android App,West Asia
SelloSaul,South Africa Android App,South Africa
PlacideDouam,France Android App,France
kkvrindhavan,Indonesia Android App,Indonesia
jckthesword,United States Android App,United States
Stephen67843639,Australia Android App,Australia
Mohamed96275443,Sweden Android App,Sweden
MakerWaddles,United States Android App,United States
mofa_2002,Iran Android App,Iran
it_sceptic,United States App Store,United States
jmalgas,South Africa App Store,South Africa
Sfaisalofficial,Pakistan Android App,Pakistan
OnlyRealJohanna,Web,Netherlands
MSMscarecrow,India Android App,India
ThinkInError,Europe App Store,Europe
JnrMarcopolo,United States App Store,Nigeria
PalstineMyHeart,United States App Store,United States
Jodhpuri_tweet,India Android App,India
choclateprinc,France Android App,Belgium
AlohaEvery1,Web,United States
shelostcontro1,United States Android App,United States
KrAtheistPerson,India Android App,India
LiiSparrow,United States App Store,Germany
AlhassnMer,Europe App Store,Europe
AnthonyBrink_SA,South Africa Android App,South Africa
piyasadefteri,Turkey Android App,Turkey
malikzeeshan896,Pakistan Android App,Pakistan
OTR444,United States App Store,United States
JianliSui,United States App Store,United States
ahmdy_sman68518,Web,United Kingdom
Grosty10,Germany Android App,Germany
MK0YE0,Yemen Android App,Yemen
Drnajam12,Pakistan Android App,Pakistan
zsyd1096,Yemen Android App,Yemen
Modiibbo_Ahmad,Nigeria Android App,Nigeria
ramprai,United Kingdom App Store,United Kingdom
bluecatag,United States App Store,United States
KavkazHussaini,Turkey Android App,Bulgaria
downright_b,Iran Android App,Iran
Iranian_sol,North America App Store,Europe
HEATHEN_STONER,Nigeria Android App,Nigeria
westasiapost,Europe App Store,North America
sahekiakira,Japan App Store,Japan
chickadeedee3,United States App Store,United States
modiboarmani,Tanzania App Store,Tanzania
Sk3Shakib,India Android App,India
NewsandViews11,United States App Store,Netherlands
kazablanka1225,Turkey Android App,Turkey
mishakerz,Europe App Store,Europe
TuffBlack,Kenya Android App,Kenya
zeeshanehussain,Pakistan Android App,Pakistan
vintszn_fl,Ghana App Store,Ghana
cpgs_org,Saudi Arabia App Store,Pakistan
langahwhotweets,Pakistan Android App,Pakistan
crimelab_inc,Web,United States
tptqzpqm,Saudi Arabia App Store,Saudi Arabia
Str_Raz,India Android App,India
Muhamme23889789,Turkey Android App,Turkey
mohadeseh_lotfi,Web,Netherlands
etbadabimbim,Europe Android App,Europe
eumateus75,Brazil Android App,Brazil
TehraniMohamma3,Iran Android App,Germany
CamiloGuezRodri,United States App Store,Spain
noah_adoka,Uganda Android App,Uganda
Ehsan3851,West Asia Android App,West Asia
Sa8910242m,Yemen Android App,Yemen
bernajurema,Germany App Store,Germany
RubenMex01,Mexico Android App,Mexico
melina_nilles,France Android App,France
NoburoNisamata,Japan Android App,Japan
ERamFarm,North America App Store,North America
PhilipBlackwoo1,Japan Android App,Japan
ChrIslamicGeo,Nigeria Android App,Nigeria
An0n187,Switzerland Android App,Switzerland
pious__athiest,North America App Store,West Asia
a_mccauley,United States App Store,United States
shkabd_001,Qatar Android App,Qatar
GabrielAmooti,Uganda Android App,Uganda
doctorvasan,United States App Store,United States
didat_ahmed,Africa App Store,Africa
SGimenista_9,Mexico Android App,Mexico
fghafari,Iran Android App,Germany
aboosamah920,Yemen Android App,Yemen
zeynabiam313,Iran Android App,Iran
M_ikael00,West Asia Android App,West Asia
1892TheRealRed1,United Kingdom App Store,Brazil
cathrinemedici,Italy App Store,Oman
Resspeect1,Africa App Store,Africa
chamat,Sri Lanka Android App,Sri Lanka
sed_Reza_nabavi,Web,France
antov2401,Web,United States
essonjon,United States App Store,United States
mirzaei1214,United Kingdom App Store,Germany
Aldo94822596,United Kingdom App Store,United Kingdom
helma_khanum,Web,United States
AawadhShaban,Kenya Android App,Kenya
yusiF_aid,Yemen Android App,Yemen
smkumailakbar,Pakistan App Store,Pakistan
Seth_Nel,Africa Android App,Africa
namira135,Web,France
Habeeb697,Nigeria Android App,Nigeria
STRezaei,Iran Android App,Iran
Americans_Rise,Web,United States
NeroOsiero,Turkey Android App,Turkey
hidup_sihat,Web,Malaysia
Lulu_Graezinski,South Africa Android App,South Africa
eva2804,United States App Store,United States
Saeid_Shaverdi,Iran Android App,Iran
haniye113,Web,Netherlands
abdul_5873,Africa Android App,Africa
MMIrani83,Iran Android App,Germany
MezainBerlin,Germany Android App,Germany
Hessamedia,United States App Store,United States
JewelAnneNonny,United States App Store,United States
ElonFan24907588,United States App Store,United States
AbdallahYahay19,United States App Store,Ghana
indralubis04,Indonesia Android App,Indonesia
raj1833318ra,India Android App,India
PassiveCryptoo,United States App Store,Turkey
JefJC,United Kingdom App Store,United Kingdom
FvckU2x,Ghana App Store,Ghana
AbidiQudsia,North America Android App,North America
judifrizi,Nigeria Android App,Nigeria
aanabes,Europe Android App,Europe
plotobaby,Turkey App Store,Austria
MasomehSailani,Iran Android App,Iran
xp32D_2022,Portugal Android App,Portugal
farrlover,Europe App Store,Europe
meliorisaevi28,Europe Android App,Europe
Rohulaafzal,India Android App,India
isaytruth,Lebanon App Store,Lebanon
SempaYusuf,Uganda Android App,Uganda
GNEOLU146743,Turkey Android App,Turkey
BenecolYakult,United Kingdom App Store,United Kingdom
dekathlos,Austria Android App,Austria
elissa_hachem,West Asia App Store,West Asia
DorudiNL,Netherlands App Store,Netherlands
NSYCAN,Nigeria Android App,Nigeria
SKASHIF29,Pakistan Android App,Pakistan
trumanOlmak,Turkey App Store,Turkey
Squeaky56627517,United States App Store,United States
izzo_btc,Germany App Store,Germany
norman_pilon,Web,Canada
vulgarboatman,Australia Android App,Australia
dilanosally1,Canada Android App,Canada
dontmind_555,South Asia Android App,South Asia
mike57882268,United States App Store,United States
nittyBites,United States App Store,United States
Robert46989257,Germany Android App,Germany
IJOBAFUFU,United Kingdom App Store,United Kingdom
FreddE_Freedom,United States Android App,United States
Kazhe313,Web,France
aloeareyouokay,Australia Android App,Australia
Rakoonin,United States App Store,United States
DPrabhata,United States App Store,United States
Wakeupandresist,United States App Store,United States
JanethMalik2,Web,Saudi Arabia
ZainabKirsteen,Australia App Store,Bulgaria
SoheilaNzz,Austria Android App,Austria
SavunmaGuncesi,Web,West Asia
NisarMoosa1,Pakistan Android App,Pakistan
ranjbar_alii,Netherlands Android App,United Kingdom
fidelisanumole,Malaysia Android App,Malaysia
KararOlayan313,Yemen Android App,Yemen
TheEnergyKing,Web,Europe
lujin_8888,Iran Android App,Netherlands
qayam_churan,Qatar Android App,Qatar
9000_prose,Web,United Kingdom
AhmadMir53,Iran Android App,Germany
kldradical,Pakistan Android App,Pakistan
BoatengDuodu,Qatar Android App,Qatar
survivor7091,North America App Store,Europe
mohmand_sh,Pakistan Android App,Pakistan
karimkhany,United States App Store,Germany
SarahMahja25793,South Asia Android App,South Asia
epreynolds,United States App Store,United States
focoinvestor,Spain Android App,Spain
Adam110_1,Iran Android App,Netherlands
VCain99108,United States App Store,United States
dehestaniii_ir,United States App Store,Iran
edwin113730,Web,United States
ssmrt4,Iran Android App,Germany
selcuk_hantik,Turkey App Store,Turkey
jNmm7Xau3NTjKV9,Yemen Android App,Yemen
mismail47720395,Pakistan Android App,Pakistan
_MAN_74,Iran Android App,Iran
karambakhsh110,United States App Store,Iran
nonimyster,Canada App Store,Canada
dwfeogogo120,Saudi Arabia App Store,Saudi Arabia
sabahat905,United Kingdom App Store,United Kingdom
mamdougindo,United States App Store,United States
colmo1,Sweden Android App,Sweden
Shahramabbasi60,Iran Android App,Germany
Fitzgerald_DA,Nigeria Android App,Nigeria
iPersianPatriot,Germany App Store,Germany
AbdinurPeace,Kenya Android App,Kenya
IdeNegocio,Mexico App Store,Mexico
arifa81,Web,North America
Benboza,Kenya App Store,Kenya
Mrrr_Asante,United States App Store,Ghana
myself1234567,Iran Android App,Bulgaria
goldbugger,Web,United States
azmemar30,West Asia Android App,West Asia
SuperbubbleCo,Germany App Store,Germany
CureNaturally,United States Android App,United States
kolohescoob,United States App Store,United States
bugger_off_musk,Brazil Android App,United States
johnjon69972607,United Kingdom App Store,United Kingdom
jithin_v2,India Android App,India
DieterBrand6,Web,Portugal
SaduuH,Africa Android App,Africa
Mo90380Mojahed,Yemen Android App,Yemen
Al_amin_Chukkol,Nigeria Android App,Nigeria
Mina_Goldenstar,Iran Android App,Iran
minikurowa,Japan App Store,Japan
FRANCES41453148,Italy Android App,Italy
slowcoach,Nigeria Android App,Nigeria
bwatfa,Lebanon Android App,Lebanon
saheel_9,Maldives App Store,Maldives
askoaskole,Pakistan Android App,Pakistan
mahjin7,United States App Store,Iran
shafkatullah,Pakistan Android App,Pakistan
Kafr_Abdou_Zep,Egypt Android App,Egypt
RealyJoe,Kenya Android App,Kenya
abu___taher22,West Asia Android App,West Asia
AliyarCAN14,Turkey Android App,Turkey
Alipaknejad3,United States App Store,Turkey
pourzahedan_ir,Iran Android App,Germany
bandaydaputtar,Australia App Store,Australia
AcidAllah,Morocco Android App,Morocco
Elisheba27661,Cyprus Android App,Italy
ElfoulyKarim,Egypt App Store,Egypt
naveensanders1,Finland Android App,Finland
gwarUF,United States Android App,United States
Abusale88785933,South Africa App Store,South Africa
alfredinbcn,Spain App Store,Spain
melele129996,India Android App,India
NorJoRe2010,Honduras Android App,Honduras
senooorbtc,United States App Store,Canada
MahmudGadauji,United Kingdom App Store,United Kingdom
DR_Sterange,Iran Android App,Iran
OChristian92114,Web,Serbia
Mohghalaye,Yemen Android App,Yemen
TheFrostyAce,Singapore Android App,Singapore
dataspot1701d,Canada Android App,Canada
Saghii2010,Germany App Store,Germany
SaleemAhmed1967,India Android App,India
2046Palafox,Web,Mexico
aratifrrajan,Uganda Android App,South Africa
dr_fouad_jm,Belgium Android App,Belgium
hamide_hoseini,Iran Android App,Iran
AlkazeemY,Africa App Store,Africa
brumiboi,United Kingdom App Store,United Kingdom
Hashashin021,Web,Canada
bavanraavanan,Malaysia App Store,Malaysia
diakomokhtari,Iran Android App,Iran
hamidreza_e,United States App Store,United States
mbuihaisiatu00,Cameroon App Store,United Arab Emirates
Maria43833798,Web,Greece
jianhua1965,Southeast Asia App Store,Southeast Asia
ThatBadGoy,Netherlands Android App,Netherlands
Somaie381758,Iran Android App,Iran
armanch66,United States App Store,Austria
TankieRiel,Canada Android App,Canada
ahmadi_mohsenx,United States App Store,Iran
MaynAce_,Africa Android App,Africa
DaisyB_77,Australia App Store,Australia
punjabi88518,Canada App Store,Canada
Rilkhe,Peru Android App,Peru
mhoek24,Lesotho Android App,Lesotho
ZaeemAl99402138,Web,Pakistan
azadstiffler98,India Android App,India
motekhases_,United Arab Emirates App Store,Iran
evgurova,Russian Federation Android App,Netherlands
Miraflores_7,South Africa Android App,South Africa
UbHeard,Canada App Store,Canada
k_riina,Chile Android App,Chile
suryaamriza,Indonesia Android App,Indonesia
jazzifyme,Tunisia Android App,Tunisia
ItsObserveAll,India Android App,India
sweet_est_pea,United Kingdom App Store,United Kingdom
dammah2025,West Asia App Store,Europe
DrJuzarHooker,Kenya App Store,Kenya
Wilber95694665,Uganda Android App,Uganda
anarchojaQ,United States Android App,United States
Moh_A_alhmdani,Yemen Android App,Yemen
F_AliKhokhar,Pakistan Android App,Pakistan
MktPulseIndia,India Android App,India
michetisseyre,Canada App Store,Canada
arrechisimo,Austria Android App,Austria
BenderReturns,Europe App Store,Europe
haiderMk123,South Asia Android App,South Asia
Ismaildanzabuwa,Nigeria Android App,Nigeria
Cryptodownbad,United Kingdom App Store,United Kingdom
bukhary87783983,Malaysia Android App,Malaysia
IQ786UK,United Kingdom App Store,United Kingdom
game_chanja,United States App Store,United States
CE52455,Mexico Android App,Mexico
prettimink,United States App Store,United States
e_mbiu,United States Android App,United States
GSFedayeen,Colombia Android App,Colombia
Usual__Suspect2,Greece Android App,Greece
jem2gem_,North America Android App,North America
helen_looper,United Kingdom App Store,United Kingdom
ayyildizf12,Web,Turkey
AliMohamadiRad,Iran Android App,Iran
Sadik_Gimba,Nigeria App Store,Saudi Arabia
rageugas16,Switzerland Android App,Switzerland
Am_saeedu,Nigeria Android App,Nigeria
ATENA_1630,Iran Android App,Iran
MRaza11,India Android App,India
Gabrielkimjnr,Qatar Android App,Qatar
BajawKamare,Nepal Android App,Nepal
Mima091203,Web,Argentina
metalcorn333,Singapore App Store,Singapore
OccamsRazorZone,Philippines Android App,United Kingdom
spider1667,Web,Africa
Sam_ZohAt,Web,Europe
shayanmd,Web,United States
Naia10075,Web,Sweden
beinginjamam,India Android App,India
Eleve8MeLord,Africa Android App,Africa
h_Taheri1992,United States App Store,Iran
mahdazadi,France Android App,France
donukis,Web,Mexico
samerhusseiny43,Lebanon Android App,Lebanon
Aboalaiznordien,Yemen Android App,Yemen
TraderJournal7,Portugal App Store,Portugal
hispanoDPR,Colombia App Store,Colombia
pretty415591,Colombia App Store,Colombia
Atjo_,Indonesia Android App,Indonesia
alimlkiy,Iran Android App,Netherlands
alhaadiahmad,Nigeria Android App,Nigeria
pollyanish345,United States App Store,United States
SalekMahsa,North America App Store,North America
MMatter_s,Web,Kenya
RapBrown5,Italy Android App,United States
OyugiMarcus,Kenya Android App,Kenya
J_Miks,Canada Android App,Canada
Arif74890482,India Android App,India
ValipourMasood,Poland App Store,Poland
KSKBLUES,India Android App,India
ThenIsaugh,United States App Store,United States
RTEMYSS,Iran Android App,Iran
FazilArzoo,Pakistan Android App,Pakistan
hirashah25,United Kingdom App Store,United Kingdom
ovasili,Greece App Store,Greece
MasterA79218660,Pakistan Android App,Pakistan
MAH458,United States Android App,United States
syyed_abbas,India Android App,India
RifNazir21,United Kingdom App Store,United Kingdom
eternalsha,West Asia App Store,Europe
baran13987,United States App Store,Iran
rashid4reall,West Asia Android App,West Asia
Onedaya96472635,Web,Canada
A_m_meymand,Iran Android App,Iran
SarcasticQuark,India App Store,India
sara_she_313,Web,United Kingdom
DoseffJohn,United States App Store,United States
RafaelRafagoy,Web,Uruguay
ALiAsgar998,India Android App,India
sajadshia,Iran Android App,Iran
SharonY22352761,United States App Store,United States
ACuchca,Peru Android App,Peru
ippatsu_sendai,Japan App Store,Japan
IhsanNaseer,United States App Store,Maldives
MirAmarTalpur27,Pakistan App Store,Pakistan
JLegalt,United States App Store,United States
hamed_ganj,Iran Android App,Iran
Ade4liver,Nigeria Android App,Nigeria
stahakazmi,Australia App Store,India
syssy39,Web,France
Thegoathpm,France App Store,Guadeloupe
BestCoastEmpire,Ghana App Store,Ghana
Bahram_Peivaste,Finland Android App,Finland
Joneidimr,Iran Android App,Germany
joneidimr,Iran Android App,Germany
DavidRotous,United States Android App,United States
giant_birds,United States App Store,United States
bassem30132014,West Asia Android App,West Asia
bfhddjfkdkxndb,France App Store,France
ZarinHossain0,Bangladesh Android App,Bangladesh
sfafspeaks,North America App Store,North America
imamibnbaz,Nigeria Android App,Nigeria
AliZaarei,United States App Store,Germany
el_camay,Mexico Android App,Mexico
Rocky295562,Southeast Asia Android App,Southeast Asia
fringe_canuk,Canada Android App,Canada
faba7293,Iran Android App,Iran
amzad2010,United States App Store,Bangladesh
harville_manuel,Web,United States
CelesteFayaf,United Arab Emirates Android App,United Arab Emirates
FatemehSepideh,South Asia Android App,South Asia
cornell_la65895,Web,United States
AmirDaherZeid,Web,United States
aletaha69,Iran Android App,Iran
AhsanAliNeva,Web,India
TheFreedomRpt,United States Android App,United States
Mohamma17629911,France Android App,Spain
iEngineerNews,Web,Denmark
BlairGub,United States App Store,United States
AminRKE,United States App Store,Germany
Sofya_salam,North America App Store,North America
JZAMBO2,France App Store,France
Abane_65,Iran Android App,Iran
Aseriousman1386,Web,Costa Rica
diggadoo,United States Android App,United States
Geo45,North America Android App,North America
ilam_kurd_98,Iran Android App,Iran
thoughtfelon,Web,Canada
wu_delcastro,United States App Store,Jordan
ahmad_rahimi321,Iran Android App,Iran
serhat1775,Turkey Android App,Turkey
TAEM2Me,Portugal App Store,Portugal
Libero1012,Europe App Store,Europe
mikenkosi,South Africa App Store,South Africa
_Madoe,Ghana Android App,Ghana
Xinger888590031,India Android App,India
EdoCan09,Ecuador Android App,Ecuador
hasn_nmer,Iraq App Store,Iraq
NicolasSims_,Philippines Android App,Philippines
Anthony_GIMS243,Congo Android App,Congo
MmmmrAmmm62694,Iran Android App,Iran
sunnihaydri6,Egypt Android App,Egypt
heisblitz,Nigeria Android App,Nigeria
bfe_love,United States Android App,United States
ursulafarends,Web,South Africa
bageerahgorbe,Russian Federation Android App,Netherlands
Oakenblunt,United States App Store,United States
fizzbhau,United States Android App,United States
Jerry_Jasper,Qatar Android App,Qatar
aa_sf23,Canada App Store,Canada
AhmedJAbdul1,Europe App Store,Europe
amin_k22,Iran Android App,Iran
BharatAlphaint,India Android App,India
SNorlandsson,Sweden Android App,Sweden
PechousBar66153,Web,United States
bavi1365,Iran Android App,Germany
ElCidRudy,Guatemala App Store,Guatemala
Bijan43214,Germany Android App,Germany
Its_Barone,United States App Store,United States
TopXiiiiii,Romania Android App,Romania
pishraft_e_fars,Iran Android App,Iran
seanyboy_13,Ireland App Store,Ireland
GeoffreyKron,United States Android App,Canada
thefaisalalam,Japan Android App,United States
louis20122,United States Android App,United States
MortezaAcademia,Iran Android App,Netherlands
ALHAJIKAUR73269,Nigeria App Store,Nigeria
thackwell666,United Kingdom Android App,United Kingdom
Stephen7BX,United States Android App,United States
TorterraGrey8,United States Android App,United States
SbrFarah,United Kingdom Android App,United Kingdom
zahidali_ali,Pakistan Android App,Pakistan
R3llvolv3rOc3lt,United States Android App,United States
tractooor1362,Iran Android App,Iran
fadaeirahbar110,United States App Store,Germany
dantakum,Nigeria Android App,Nigeria
AdrianChoo1,Malaysia Android App,Malaysia
XZouby,Web,France
moslamicbh,Web,North America
metrictensor,United States Android App,United States
alihussain_eth,India App Store,India
sadiq_naabba,Nigeria App Store,Nigeria
randomdudeXR,Philippines Android App,Philippines
dailypsyop,United States Android App,United States
ABK010,Australia Android App,Australia
AvengrsOfKarbla,Pakistan App Store,Pakistan
GraceDawn8,Europe Android App,Europe
FreeDaP8,United States App Store,United States
Fowzy__,Egypt Android App,Egypt
BosiaMarco70557,France Android App,France
denk_doch,Europe Android App,Europe
panicmaxxing,United Kingdom Android App,United Kingdom
cyphermojo,United States App Store,United States
ivarov54,Algeria Android App,Algeria
dagones4,Mexico Android App,Mexico
hajk1,United Arab Emirates App Store,United Arab Emirates
Ezkaferno1373,Mexico Android App,Mexico
1337gun,United States App Store,United States
renannmv,Brazil Android App,Brazil
fixol4all,Web,India
Xulficus,North America App Store,North America
CachchCarlos,North America Android App,North America
MahdiAndalib28,Web,Bulgaria
Migratoryb3,Iran Android App,United Kingdom
AsifAli95788859,India Android App,India
jahera_donvix,Kenya Android App,Kenya
plekhmun,Iran Android App,Iran
PNWRadTrad,United States App Store,United States
JSnyd05,United States App Store,United States
SybJons1,Spain Android App,Spain
POSITIVE_LIFES1,India Android App,India
Jonoob1703681,Germany App Store,Germany
atlasturns,United States App Store,United States
AJKavanagh3,Web,Canada
jaylu61959664,United States App Store,United States
Nd21Rdl,Germany App Store,Germany
AngwenyiKefa,Kenya Android App,Rwanda
out_of_comision,Pakistan Android App,Pakistan
BRjly78746,Yemen Android App,Yemen
IsfahanMusa,Indonesia Android App,Indonesia
TreesaGreene,Australia Android App,Australia
ejlaluna,Web,United Kingdom
marcy540,United States App Store,United States
tututpouet,Web,Europe
msbabu007bd,Web,South Asia
ANeukolnl1,South America Android App,South America
VahidD81480,Web,Iran
jonesj,Canada App Store,Canada
SemiticZionist,Canada App Store,Canada
AkshatKohli7,India App Store,India
Kalam26409265,India Android App,India
Soheil_Os,Iran Android App,France
Babubakar23,Nigeria Android App,Nigeria
PeanakWines,Africa Android App,Africa
aleahmadp,United States App Store,United States
springtoa,France App Store,France
TunjiGbadamosi,United Kingdom Android App,United Kingdom
OldHeadWisdoms,Canada App Store,Canada
AttilaKalm76521,Web,Monaco
kaschner_sheila,Indonesia Android App,Indonesia
yasamin1740055,Iran Android App,Iran
Raqwa3,Pakistan Android App,France
Vojin_31,Germany App Store,Germany
sneakytits85,United States Android App,United States
MFaheemAnsari4,Pakistan Android App,Pakistan
PChandr43659403,India Android App,India
monocular,Web,United States
HsnPyamy7874,Iran Android App,Iran
annework7,Kenya Android App,Kenya
chargzz,North America App Store,North America
sarasakura14,Web,United States
NEVEC_Bren,Web,France
thaerrb,Iran Android App,Iran
lasem99,Web,Canada
_berggeit_,United States Android App,United States
JCorrado1931,Web,United States
BlinksFosu,Ghana Android App,Ghana
Be_Ruthless_,Pakistan Android App,Pakistan
Sindiran23,Web,Canada
sariftuhinbd,South Asia Android App,South Asia
hesha_m2018,Web,United States
Rippleman69,Web,Pakistan
BhrahmantyaS,Indonesia Android App,Indonesia
Hoseinkord55027,Web,United States
mohammadas46191,Web,United States
Ibnu_Maulana22,Indonesia App Store,Indonesia
MFaezeh7487675,Web,France
ZAkbari19929,Web,United States
komalkh41564662,United States Android App,United States
CryptosSisters,Iran Android App,Turkey
LauShot77,Europe App Store,Europe
ZrSadaf95360,Web,United States
daynahmk,United States App Store,United States
azeemal79154073,Korea App Store,Pakistan
IamPfiffikus,Africa App Store,Africa
KazmiSyed_IK,Australia Android App,Australia
mamadmeti77,United States App Store,Turkey
HaroonR82800411,India Android App,India
AKRIJW56AKRIJ,North America Android App,North America
Intlchanges,India App Store,India
TrollinJigs,United States Android App,United States
isizwengcobo,South Africa App Store,South Africa
StrandingP87372,Web,United States
itsHEZBULLHid,Afghanistan Android App,Afghanistan
mjyd_lml,Web,United States
Sugnuhlrak,North America App Store,North America
fairnessbwb1,South Africa App Store,South Africa
KautharMoud786,Uganda Android App,Uganda
WawHe146109,Germany App Store,Germany
spbsmnew,Europe App Store,Europe
parsaei_fa57584,Web,United States
aam_statham,Web,Indonesia
mahdimokhtaries,Iran Android App,Iran
Yaser_Mojtahedi,United States App Store,Iran
adamJ13924,United Kingdom App Store,United Kingdom
KingNikaan11342,Web,France
camarmir,United Kingdom App Store,United Kingdom
LifeofTence,Ghana Android App,Ghana
sarashiraz17103,Web,United States
IndyRains,United States App Store,United States
Ninty__94,New Zealand App Store,New Zealand
MahmoudPar85931,Web,United States
elahehahpp37763,Web,France
hadi_sharifi_19,Web,France
Phenom4Eva,South Africa App Store,South Africa
momindilshad,North America App Store,North America
jonyyboyyy,Europe Android App,Europe
ShahGr8t12,Japan Android App,Japan
syedsabeeth,United Kingdom App Store,United Kingdom
JavadPirah25459,Web,France
Tinu19759065190,Web,South Asia
salehi_mey6,Web,United States
sahan_fagol,Bangladesh Android App,Bangladesh
SCOTCHNCIGAR,United States App Store,United States
76rst7825,Web,France
ShahabGhas81491,Web,France
Xerxes575,North America App Store,South Asia
AyrjRkny94448,Web,France
77hutaI,Web,France
SamanehH42726,Web,France
Numrahkhalid,South Asia App Store,South Asia
__MrBear_,Europe App Store,North America
TeslaBull1500,India App Store,India
CarVik00,Sweden App Store,Sweden
fadel_almusawii,Web,France
Nia__03,Uruguay App Store,Uruguay
Jam_99X,Malaysia App Store,Malaysia
javad__jam4,Web,France
BaghbanZm74826,Iran Android App,Iran
DinaJadallah3,Web,United States
Sara7sa5vm,Web,France
wezzyvedore,United States Android App,United States
paisleypansey,Web,United Kingdom
Oschweizi68155,Europe App Store,Europe
raarsaal,United Kingdom Android App,Pakistan
_financialguy,Web,South Asia
AleRaza15,Canada Android App,Canada
__hussainali99,Web,France
amyny33273,Web,France
HasaniShah50798,Web,France
rabiayayay,Canada App Store,Canada
JahanzaibChoud4,United States App Store,United States
_onyiii,Kenya Android App,Kenya
BahramK77442,Web,United States
ReNaqvi,India Android App,India
shujahoonmein,Pakistan App Store,Pakistan
The_Source_inc,Pakistan Android App,Pakistan
IssaIssack1,Web,South Africa
ShokoofehMosto1,Canada Android App,Canada
TBombadilf,United States Android App,United States
TheRealParis,United States App Store,United States
BakiDiren,Turkey Android App,Turkey
Fahime1627678,Web,France
DolatkhahM92904,Web,United States
akreveus,Europe Android App,Europe
HsynSmty14556,Web,France
WTF_WEF2021,India Android App,India
StevenWolf1017,United States App Store,United States
fluviaff,Canada App Store,Canada
drywshgiy61493,Web,France
MindsetMatter1,South Asia Android App,South Asia
be0486,North America Android App,West Asia
syedshirazi95,France Android App,France
ezway2go,United States App Store,United States
Rhizlaine10,Canada App Store,Canada
f3reed_99,Web,France
_mufasa_da_king,Ghana App Store,Ghana
jafari_saj38885,Web,France
AurelieTembo,Italy Android App,Italy
hadi_khaleghii,Web,France
IrfanQasimPHR,Pakistan App Store,Germany
MindsMatterInc1,United Kingdom App Store,United Kingdom
hussain_111q,West Asia App Store,West Asia
SydHsyny49951,Web,United States
AmmarSirous,Web,Croatia
abbashawk,Nigeria Android App,Nigeria
arionw131504,Web,France
ABOMEYSAM12,Web,United States
neubauer_seth,Web,United States
fdb313147206,Web,United States
erfansoros57000,Web,United States
SandraMillar6,United Kingdom App Store,United Kingdom
MjydP66083,Web,France
Yasooori2,United States App Store,United States
mohamad155591,Web,France
SjadSadqy79480,Web,United States
bird107w,North America App Store,North America
rezaei_has63844,Web,United States
StarhSadat81983,Web,United States
3335j6Giso,Web,United States
WajmaO,United States App Store,United States
FazlMahdavi,Web,France
AmirOfTime,West Asia Android App,Europe
mehraban_yasin,Iran Android App,Iran
MbshryMahdi,Web,France
jlyly18326,Web,United States
ArashSyadi1,Web,France
abasghader91172,Web,France
chris78688,Turkey App Store,Turkey
stauktrader101,United States Android App,United States
Lozalinuxoko,Mexico Android App,Mexico
zamani6825354,Web,France
abdmuhaimin_a,Malaysia Android App,Malaysia
kanimazn,Iraq Android App,Iraq
Ja_Aleg0,United States App Store,United States
Mrblock24,United States App Store,United States
HBiliardh,Zimbabwe Android App,Zimbabwe
DuneDweller20,North America App Store,North America
AramT961,Web,Lebanon
MiladTaher30,Web,United States
khaton1152177,Web,France
JoohShiesty,Korea App Store,Korea
humzah119,India App Store,India
HShori78853,Web,United States
ebrahimmir25104,Web,France
MnswrS97807,South Africa Android App,South Africa
MLotfi71561,Web,France
dibozijr,Tanzania Android App,Germany
SHab29092021,Netherlands Android App,Netherlands
HeinrichMatthee,Netherlands App Store,Netherlands
bahman_jam27808,Web,France
AboifaziS86831,Web,United States
41555Mina40646,Web,France
HamzehYouS,Web,France
s_peligroso,United States App Store,United States
Carusoytgs,Italy Android App,Italy
pickledwords,United Kingdom App Store,United Kingdom
garabiglo59649,Web,France
IsaRouhani,Web,France
HNasiri87543,Web,United States
73_miilad5,Web,United States
AryaSafayi31186,Web,United States
amin251,Web,Morocco
mohsen_abouei,Iran Android App,Iran
Diss_ociation,Iran Android App,Turkey
MASOUD1775403,Web,France
intothemoon12,Kenya App Store,Kenya
nazifeyzab32507,Web,France
mini_zabawa,Poland Android App,Poland
rahaazad574101,Web,France
Abolaji_H_A,Nigeria Android App,Nigeria
elahe68314015,Web,France
dehghannja27644,Web,United States
Hoodonmi,United Kingdom App Store,United Kingdom
GhalibounHaydar,United Kingdom Android App,United Kingdom
NewBlackson,North America App Store,North America
IthenthM,East Asia Android App,East Asia
ZahidKh735121,India Android App,India
krimi157806,Web,France
ali__jam1,Web,France
timothytercel,Caribbean Android App,Caribbean
Muhamma63369145,Sweden Android App,Sweden
MatForPeace,Web,United Kingdom
GunstLeo,Germany App Store,Germany
gazalandkay,United Kingdom App Store,United Kingdom
Erfan923356,Web,United States
rezaeskand93378,Web,United States
samadi_zei95969,Web,United States
Mori_edris,Iran Android App,Germany
KazemKhazaei,Web,United States
AMohaqeqi41508,Web,France
marzi9688548343,Web,United States
moodi1825183,Web,France
HosseiniRa39464,Web,France
RTaghvapoo76296,Web,United States
leamingtonspas1,India App Store,India
Dredre0705,Trinidad and Tobago Android App,Trinidad and Tobago
aino87445630,Japan App Store,Japan
ThistlesandFigs,United States App Store,United States
nzhad8016,Iran Android App,Iran
reza264066,Web,France
Raza5121472356,Pakistan Android App,Pakistan
hossein_ko3099,Web,France
NoFilterJOnn,United States Android App,United States
AmadZubair12,Australia App Store,Australia
Momus_Mkosoaji,Kenya Android App,Kenya
AydanaTaji73393,Web,France
Pire_kharabati,Iran Android App,United States
pidgineglish,Ghana Android App,Ghana
ABDULMALIK64744,Nigeria Android App,Nigeria
Sajid10119633,Pakistan Android App,Pakistan
KhwrshydSadeghi,Web,France
morteza1447361,Web,France
SchollFused,Italy Android App,India
Gooddeedmyg,Europe App Store,Europe
wkashoo,India Android App,India
TybhQ73689,Web,France
mahdifeizi49668,Web,France
Omiid33,Iran Android App,Iran
Justgetthefacts,United States App Store,United States
alvinjay_alvin,Africa App Store,Africa
MBaqry22439,Web,France
Wanderask1,Qatar Android App,Qatar
KingAbraha90013,Australia App Store,Australia
smyr1478995,Web,France
rnslms,Canada App Store,Canada
riccarda_de,Italy Android App,Italy
Ho3einSard59601,Web,France
syed_suleman1,India App Store,India
shujakazmi11,South Asia Android App,South Asia
razaghimorteza1,Iran Android App,Germany
DrJMedina,Web,United States
zmolml,Web,United States
hoseininejad_a,Iran Android App,Germany
dinduNuffin2003,Germany App Store,Germany
BaqrySyna52545,Web,France
asma_fatemi313,Web,United Kingdom
machostocks,United States App Store,United States
shaararsha,Germany App Store,Norway
DanCoop91869630,United Kingdom App Store,United Kingdom
askwaseemafridi,Saudi Arabia Android App,Saudi Arabia
newentropian,Web,United States
MohammadPournik,United Kingdom App Store,United Kingdom
tnn32921721,Thailand App Store,Thailand
KrmyAmyr3567,Web,United States
shaamir_n,Australia Android App,Australia
alikuwaiti89,Web,United States
Melikaghrbn,Turkey App Store,Turkey
ayowhatsgoodtho,Canada Android App,Canada
AlAqeelJawad1,Nigeria Android App,Nigeria
Ulhufiahun,Indonesia Android App,Indonesia
Sonsofcyrus,Canada Android App,Canada
Kooshy16,United States App Store,United States
ebMercury,Iran Android App,Finland
1353_ahmadi,Germany App Store,Germany
nilelapis,United States App Store,United States
biased_world,South Asia App Store,South Asia
ShaheenSD619,United States Android App,United States
dussardp,France App Store,France
Oliver70454,Web,United States
AMehdi134446760,Web,France
marde_jawan,Europe App Store,Europe
michaelmel42822,Web,Australia
davood630136990,Web,France
SirVinQ,North America App Store,North America
LukidDreamer,North America App Store,North America
MimiStukes,United States Android App,United States
AMIRALi149818,Web,France
abbashindi786,South Asia Android App,South Asia
niceboy975,France App Store,France
vienawaitsforu,India App Store,India
anodyn3,Web,United States
KartharKing,Web,Italy
Lisan_Al_Gaib33,North America App Store,North America
MobBarl86108247,Web,United States
ChroniclesDegen,United Arab Emirates Android App,Singapore
VicenteDiazt,Chile App Store,Chile
HamidHeida50546,Web,France
JJ_H2K,Canada App Store,Canada
YassenAshtree,Europe App Store,Europe
mohammadta75873,Web,France
AsithaChandimal,Sri Lanka Android App,Sri Lanka
ghanbari_h49004,Web,United States
NancyCa39652373,United States App Store,United States
JBoyata,Web,Japan
Mostafasad23543,Web,United States
FarvaharMo54273,Web,France
mohammedzain55,India Android App,India
d_detectiv40968,United Kingdom Android App,United Kingdom
iameagle786,India Android App,India
heed7709,Canada App Store,Canada
carlivar,Web,United States
GrantReds,West Asia Android App,West Asia
johncar31572065,Iran Android App,France
javadi62219,Web,France
Abdullah1116319,Web,France
coolash73,United Kingdom App Store,United Kingdom
SamareZehra12,Pakistan Android App,Pakistan
TayebAhsanSiddi,South Asia Android App,South Asia
LiberalLeopard,United States Android App,United States
mehdi_sham33820,Web,Europe
MagajiWorld,Nigeria Android App,Nigeria
HaloJumper77,Yemen Android App,Yemen
yasin757422,Web,United States
careberryjay,United States App Store,United States
jimmyfanuk,Web,United Kingdom
AhmedKeshta970,United States App Store,United States
KwthryS25726,Web,France
realindridcold,United States Android App,United States
Omida4k,United Kingdom App Store,United Kingdom
MlleYintifada,France App Store,Switzerland
moh_pak96,Canada Android App,Canada
Mohamma60090782,India Android App,India
DMCQ74,United Kingdom Android App,United Kingdom
xxia767,Oman App Store,Oman
Semito52331978,France Android App,France
FellowColonist,United States Android App,United States
William44459942,United States App Store,United States
lamper9999,Web,United States
_Jfreedom,Senegal Android App,Senegal
afshinova,Australia Android App,Australia
bernardpok178,Malaysia App Store,Malaysia
saraamini19,Web,United States
FoxAbc1237,Web,North America
atilla34aybars,Turkey App Store,Turkey
NewValuechasing,United Kingdom Android App,United Kingdom
1553essi,Sweden App Store,Sweden
messifan52,Canada Android App,Canada
mehra1380,Web,France
Caligirl2023,United States App Store,United States
zmohebian,United States App Store,Iran
solosabs,India App Store,India
BriefMogadishu,United Kingdom Android App,United Kingdom
yurvensis,Web,Spain
CIO100x,India Android App,India
udyn07,Indonesia Android App,Indonesia
MarkKoekkelkor1,Web,Netherlands
BosnianMike77,United States App Store,United States
Sea_soul777,Cameroon Android App,Cameroon
KyleWLawrence,United States App Store,United States
SovietNecromanc,India Android App,India
Lawchukzz,Africa Android App,Africa
winekas,Spain Android App,Spain
Light_Quix,Italy Android App,Italy
Trader_Sayeed,India App Store,India
SakibReja787,India Android App,India
mubashirali861,Pakistan Android App,Pakistan
ZohreZarei,United States App Store,Germany
mohsensstn,West Asia Android App,Europe
KTO160,Egypt Android App,Egypt
YutaabBarzan,West Asia App Store,West Asia
cheecho1966,Pakistan Android App,United States
Iam_SjafferS,India Android App,India
MarbleQ47289,United Kingdom App Store,Venezuela
Crossroads_2022,Europe App Store,Europe
anthropoorlogy,Web,France
SJahangir110,Pakistan Android App,Pakistan
shutkimach,New Zealand Android App,New Zealand
EschatologyM,Morocco Android App,Morocco
Advanced_Iran,Sweden App Store,Sweden
Realworld1310,New Zealand Android App,New Zealand
BestFurqan,Pakistan Android App,Pakistan
m_azadeh,Iran Android App,Germany
VV_Is_Evil,United States App Store,United States
NfEPbJE8UY5uNS0,Japan Android App,Japan
Hammad7665,Web,Pakistan
OrugaMarvin,Kuwait Android App,Kuwait
Libano145,Netherlands App Store,Netherlands
ubaidbaggio,Nigeria Android App,Nigeria
Kalimer99657451,Europe Android App,Europe
Rog3r999,United States App Store,United States
Anticolonial22,North America Android App,North America
boomdooomcycle,North America App Store,North America
a_ajaved,United Kingdom App Store,Pakistan
cicciopicarelli,Italy Android App,Italy
jules2hot,United States App Store,United States
I27fo9aSTaxUMzW,Iran Android App,Iran
btwitisme,United States App Store,United States
Sir_yohatsu,West Asia Android App,West Asia
cog_roos,United States App Store,United States
MudassarAKLodhi,Pakistan Android App,Pakistan
winthersbot,El Salvador Android App,El Salvador
bunmohalla56652,South Asia Android App,South Asia
OOnetone,Web,Europe
ionaryu,Korea App Store,Korea
zainmerchant,Africa Android App,Africa
danm_ke,Africa Android App,Africa
AfschinS,Europe App Store,Europe
JayR4Eenk,Africa Android App,Africa
MohammadTamemi,Australia App Store,Australia
arunkj78,United States App Store,United States
MeriJindri,United States Android App,United States
AYBey3,United States App Store,United States
topofenix,El Salvador Android App,El Salvador
Mahmood70269468,Iran Android App,Iran
godsbodkin,North America Android App,North America
PhillipJcry,Web,United States
hamidkh13249665,United States App Store,Canada
ixtland,Web,North America
maha_sad313,Web,Netherlands
Tlemcenisuhayl,Europe App Store,Europe
hassan_ibr86533,Nigeria Android App,Nigeria
margoliiiii,United States App Store,United Kingdom
MazisOpinioncom,Web,United States
ranger_Mobeus,Malaysia Android App,Malaysia
45can67,Turkey Android App,Turkey
d_balbirsingh,India Android App,India
Bundsch90207916,Web,Germany
mimtheman1940,United States Android App,United States
abdrahmanBTC,Singapore App Store,India
GlobalMadinah,North America App Store,North America
bashiq92,Denmark Android App,Denmark
Mona_Jaaan,Ethiopia Android App,Italy
LassPiq,France App Store,France
CarguyHKN,India Android App,India
TheLostMillenn3,United States App Store,United States
ahtesham_IND,South Asia Android App,South Asia
marquessdesists,United States App Store,United States
freethnknindian,Web,India
CryptoSvenne,United States App Store,United States
Palacio0077,France App Store,France
MBGazapalestine,Africa Android App,Africa
AbubakrLeo68936,Kenya Android App,Kenya
WakeedJr,Africa Android App,Africa
ComradeZelezny,Web,Australia
HandiQuacksRule,United States App Store,United States
Achaemenid3500,North America Android App,North America
AsimMuneeer786,South Asia Android App,South Asia
yesnipsey,South Asia Android App,South Asia
resistmeme,Eastern Europe (Non-EU) App Store,West Asia
parande290968,Iran Android App,United States
Ozfromabove,Europe Android App,Europe
mashad58,North America App Store,West Asia
iaasifmalik,India App Store,India
rzm_ir,United Arab Emirates App Store,Bulgaria
farkingralph,Web,United States
hbnvhnbh,United States App Store,United States
drbanday,Web,United States
axismena,North America App Store,North America
ChojaMc,Nigeria Android App,Nigeria
msaad05,Italy App Store,Italy
josepe_wannabe,Europe App Store,Europe
Md_Emon60,Bangladesh Android App,Bangladesh
Lavaglut2020,Japan App Store,Japan
ijazulhaq_1,Pakistan Android App,Pakistan
YourSecretPapa,Iran Android App,Germany
ms_scd,Mexico Android App,Mexico
Instagram8X,Canada App Store,Canada
alldatamatters,Web,United States
Enkratic1,United States App Store,Bulgaria
thatguyStephen1,United States App Store,United States
BeachHaven16,Web,Australasia
Gyim369960,United States App Store,United States
Khanzubair_7,India Android App,India
pippojacono,Web,Italy
ShoaibTari78108,Pakistan Android App,Pakistan
NGhabraei,Iran Android App,Germany
Mohsenete31,United Arab Emirates App Store,Turkey
J_Brown4Palest,Web,Europe
dennunoo3,Ghana Android App,Ghana
JohnFrancisDuke,United Kingdom Android App,United Kingdom
amanarama60894,South Africa Android App,South Africa
212Jays,India Android App,India
Alessandro19670,Web,Brazil
AmeerJaffrey110,Pakistan Android App,Pakistan
TLeon82893,North America App Store,Africa
ArmaanMali46405,India Android App,India
Abdulazeez64973,Nigeria Android App,Nigeria
MalikShrafat1,India Android App,India
hosnulmubarak,Nigeria Android App,Nigeria
OmerKudalak,Turkey Android App,Turkey
nat167297074937,Web,Poland
RafZak8,South Asia App Store,West Asia
RealDalGadot,Web,India
GMkhamisani,Pakistan Android App,Pakistan
amyny60382,Iran Android App,Iran
esirwanda,Africa Android App,Africa
Manzar313,India Android App,India
AlirezaAlman,Iran Android App,Iran
blondguitar25,United Kingdom App Store,United Kingdom
SAAR47,Pakistan Android App,Pakistan
Nanda383657,Web,India
Muneeb_Alam,Pakistan Android App,Pakistan
CypNFT0,Netherlands Android App,Netherlands
anas_msallem,Tunisia Android App,Tunisia
ahmdmsw37385475,Oman Android App,Oman
samkhan64470454,India App Store,India
Michael76185572,Web,United States
gpanalyst,Canada App Store,Canada
ShriSimKhirid,Web,India
AliAsgher275506,Pakistan Android App,Pakistan
JamaliSina,Iran Android App,Germany
Bitakhanooom,United States App Store,Germany
RonpoLoyo,El Salvador Android App,El Salvador
isa_ramadani,Italy App Store,Italy
ashishpro,India Android App,India
Haj_Amir12345,Iran Android App,Iran
Mohammad_90s,United States App Store,United States
AjedrezGeo,Colombia App Store,Colombia
Bagocans180035,Ireland App Store,Ireland
mdabibi,Germany Android App,Germany
1TuffOldBird,Web,United States
allizzwell21,Nigeria App Store,Nigeria
mojahid20000,India Android App,India
abouchutrab,Canada Android App,Canada
Headqarters_69,United States App Store,United States
EricDemassieux,United States Android App,United States
zhdali123,India App Store,India
Jahangiri_Iran,Norway App Store,Norway
tem_ohu2000,Indonesia Android App,Indonesia
Inneezbogzarad,Canada App Store,Canada
ashfaqali7,India Android App,India
NegarZand,Australia Android App,Australia
ElvinYong7,Web,Singapore
rolleibabe,West Asia App Store,West Asia
NasrallahsGhost,North America Android App,North America
KennethTogher,Web,United Kingdom
Kunal50037013,India App Store,India
jare_fr,Germany Android App,Germany
2muchdemocracy1,India Android App,India
Limonyniss8686,Web,Germany
ANWARKHANan,Saudi Arabia Android App,Saudi Arabia
BasheerAhm32286,Pakistan Android App,Pakistan
KazmeSyeda,New Zealand Android App,New Zealand
Dogray57,Web,Canada
EthanCo369,United States App Store,United Kingdom
FrankiCoins,United States Android App,United States
beirhbrjrk,South Asia Android App,South Asia
mikah_aerion13,United States Android App,United States
ali_mola512,Australia App Store,Australia
MdWaseAli2,India Android App,India
Shayanqazmi,Pakistan App Store,Pakistan
JulianSore43786,United States App Store,United States
ClearSky804,United States App Store,United States
goldamyhair,United States App Store,United States
alimazbouhx,Ireland Android App,Ireland
razielcastello,United Kingdom App Store,United Kingdom
MasiAbdul,India Android App,India
yasser_qolbin,Indonesia Android App,Indonesia
WCiviltech,India Android App,India
Babidut8,Web,Indonesia
unityideal,North America App Store,North America
0xPolox,Europe App Store,Europe
jemkh79,Web,Indonesia
khozraschyot,United States App Store,United States
CensoredMMA,South Asia Android App,South Asia
DocAuschwitz,United States Android App,United States
triplehhh876543,United States App Store,United States
iCapitann,India App Store,India
PutinTheLiberat,Guatemala Android App,United States
DoubletMyl18573,France Android App,France
verstopthecar,Netherlands Android App,Netherlands
Im_Alive0,Europe Android App,Europe
Sahel497734,Canada Android App,Canada
lneoonel,Turkey App Store,Turkey
sajavadi1,United Kingdom App Store,United States
sivabandla50053,South Asia Android App,South Asia
Timur1748306,United States App Store,United States
sellujay0,Sierra Leone App Store,Sierra Leone
ahadabdul0676,India Android App,India
Neosss22,Norway App Store,Norway
JoshuaV68954090,Web,Netherlands
ngocquang19877,United States App Store,Viet Nam
johnusalaf,Web,United States
Baschuk_A,North America App Store,North America
annaphelps86,United States Android App,United States
ManishJadhav011,India Android App,India
TaylorW19515237,Web,United States
colbycoro_,North America App Store,North America
Mahtab98765,India Android App,India
alisaquib1,India Android App,India
IAmBackMfers,Oman App Store,Oman
Opinionatedengh,United States App Store,United States
nitdakai,Lao People's Democratic Republic Android App,Lao People's Democratic Republic
Samuelkairu254,Kenya Android App,Kenya
khanbabaei__,Iran Android App,Iran
spymacaque,United States App Store,United States
iLoqman,Iran Android App,Iran
iamsheikh11,India App Store,India
jjjornie,Europe App Store,Europe
ecbraeh,Peru Android App,Peru
RutoManyoria,Kenya Android App,Kenya
rohitjaat123678,India Android App,India
Gazanian007,India Android App,India
QuioZampa,Australia App Store,Australia
alansmi89684356,Australia Android App,Australia
Mach_inter,Nigeria Android App,Nigeria
sasansamadzadeh,United States App Store,United States
SafarianZahra,United States App Store,United States
6290a3e7759747d,Europe App Store,Europe
mahqm313,Denmark App Store,Denmark
alaqsaflood1,North Africa Android App,North Africa
adnanG,Germany App Store,Germany
SZTH264,South Asia Android App,South Asia
SultanAminAbba1,Pakistan Android App,Pakistan
AlhassanHu41917,North America App Store,Africa
ParasSoni155285,India Android App,India
WithCloth,Web,United States
leonidasmuj,United Kingdom Android App,United Kingdom
aazadeh_sarmad,Web,United States
Sanjeev43697008,India Android App,India
Ioose_meat,United States Android App,United States
farshidfarokhi_,Web,France
DadfarSahra,Europe App Store,Europe
nowthisisit,United States App Store,United States
dido_jima,United States App Store,United States
USMANIMRANSANI,Nigeria Android App,Nigeria
ArashDaniali,Norway Android App,Norway
maddilune,Sweden App Store,Sweden
ArdaDem1r_,Turkey Android App,Turkey
BitDotBit,Web,United Kingdom
denizxdeniz111,Turkey Android App,Turkey
alitam113,United States App Store,Germany
SomeScrupleslef,Paraguay Android App,Paraguay
Abdishukri85782,Kenya Android App,Kenya
Bigaahid,Web,North Africa
fonzooe,Web,South Africa
TribalGlobalist,United States App Store,United States
Abbas4evr,India Android App,India
rwevoluci,Web,Spain
johnwhite123417,Pakistan App Store,Pakistan
WasifSayyed7,India Android App,India
johnfeb285,United States Android App,United States
Muk68782104,United Kingdom Android App,United States
Mohdre61464,Web,Australia
MOmerBuksh,Pakistan Android App,Pakistan
Shahnam_ul_haq,Pakistan Android App,Pakistan
IStandTruth,India Android App,India
CyberGOAT2077,United Kingdom Android App,United Kingdom
ffalmaie,Kuwait App Store,Kuwait
zxcvasdf6789_,United States App Store,United States
habibreza8919,West Asia App Store,South Asia
prog_perspect,Web,Japan
hamza_kham28602,United States App Store,United States
EmhaHadary,Indonesia Android App,Indonesia
minaydyje,Europe App Store,Australasia
ansar_ullah11,Bangladesh Android App,Bangladesh
ApeMonkey24,Web,Tunisia
FrankBr61765834,Africa Android App,Africa
HossienRadwan,Yemen Android App,Yemen
BeingHasan0,Egypt Android App,Egypt
bullbearhogewes,Ireland Android App,Ireland
lc140809,United States App Store,United States
BabiNgepet01nk,Indonesia Android App,Indonesia
aafzmh6,Australia App Store,Australia
BloodHound90640,Bangladesh Android App,Bangladesh
AndrewGalito,South Africa App Store,South Africa
punishedmazdak,United States App Store,United States
killthewest48,Tunisia Android App,France
Mohammed290102,South Asia Android App,South Asia
antiwahbabi01,Indonesia Android App,Indonesia
Dawudu2,Ghana Android App,Ghana
RVSarkis,United States App Store,United States
80edab8880ec4fc,Tanzania Android App,Netherlands
ExpertArranger,North America App Store,North America
CarmendelaFue20,Spain Android App,Spain
wizard_trade,Saudi Arabia Android App,Saudi Arabia
m_vegan8,North America App Store,North America
TajikMh,Web,Iran
dirtyluckUSMC,United States App Store,United States
EvaristoLozano1,Mexico Android App,Mexico
haj_aghabozorgi,Iran Android App,Turkey
schmukken,Norway App Store,Norway
Stark_Double,Web,Switzerland
mattoreza,India Android App,India
T70759425,United Arab Emirates App Store,Jordan
Msd_44rw,Rwanda Android App,Rwanda
rabbi_genocide,Korea App Store,Korea
nika333435,United States App Store,United Kingdom
mohsenhabibi7,Bulgaria App Store,Bulgaria
IRGC_Lebanon,Saudi Arabia App Store,Lebanon
AlbertsonJ55507,Web,United Kingdom
Izouk9,Web,France
Bobby14775052,Kenya Android App,Kenya
Arash_car,Iran Android App,Germany
hommeethis26742,Senegal Android App,Senegal
Merrawi213800,Kenya Android App,Kenya
CantalopJoe,United States App Store,United States
HannahBahloul87,Czech Republic App Store,Czech Republic
ThisIsParamB,Canada App Store,Canada
JamKiguli,Uganda Android App,Uganda
assal_baroun,Europe App Store,Europe
sonofseyedeh,Sweden App Store,Sweden
immajidkarimi,United States App Store,Germany
blankfornow23,United States App Store,United States
marinep655097,United States Android App,United States
Naderbahrami0,Iran Android App,Germany
PersianGulf_IR1,Sweden App Store,Sweden
sheriff01587988,Africa App Store,Africa
KrarRaj,Ireland App Store,Ireland
AliRazaNas76529,Pakistan Android App,Pakistan
tousi_leila,United States App Store,United States
saberi_tevfik,Turkey Android App,Turkey
Thiam22912I,France App Store,Senegal
diolith19,South America Android App,South America
Turabiyun,West Asia Android App,West Asia
tommymorli,North America App Store,North America
Andiman110,Europe Android App,Europe
I_am_mujtaba,Pakistan Android App,Pakistan
shirpoorsomayeh,Turkey App Store,Turkey
BBWWblackll,United States App Store,United States
AdrianAkbari,Netherlands Android App,Netherlands
Z_Business7,United States App Store,United States
FarhadIman92372,West Asia Android App,West Asia
MehdiM8845240,Web,Turkey
NaMaloom614616,Oman Android App,Oman
dope_rope007,United States App Store,United States
Sana_R_Sana,India Android App,India
empirebetrayal3,Malaysia App Store,Malaysia
kushhh432714,South Africa Android App,South Africa
Farshaad_Jamali,North America App Store,North America
AskTahsin,Web,South Asia
voicedacid,Web,United States
Tank71023,United Kingdom Android App,Ireland
LucasH22818,Web,India
anyabunkem23457,Nigeria Android App,Nigeria
fuckuglypig,Web,United States
HeyMunal39052,Pakistan Android App,Pakistan
Iranwithincom,United States App Store,Iran
alis156769,West Asia Android App,West Asia
MoCastsrznn,United States App Store,United States
yassinekhnpk3j,North Africa App Store,North Africa
knowledgerepost,United States App Store,United States
A_Hosseinianfar,United States App Store,Iran
Mia55725318,India Android App,India
zaowu1,China App Store,Singapore
BaronVonGarray,Web,United States
SulaimanAy26815,Nigeria Android App,Nigeria
Aabi_005,Pakistan Android App,Pakistan
DeArkfsalvation,India Android App,India
raiddmeatbistro,United States App Store,United States
DazaisRequiem,United States App Store,United States
BallotBoxedOut,United States Android App,United States
Leadpixel21,United States App Store,United States
Shahbazk87,Pakistan Android App,Pakistan
Molhdw,United Kingdom App Store,United Kingdom
rj42898025,Iran Android App,Iran
jkd77799,Europe Android App,Europe
Mk0926980289842,Switzerland App Store,Switzerland
Hippy12342,United States App Store,United States
TafseerAwa68709,Pakistan Android App,Pakistan
hoorytaqiz30001,Iran Android App,Iran
usain_abu1,Nigeria App Store,Nigeria
BaharulIsl63128,India Android App,India
aligorgani73,Iran Android App,Germany
MarcosP43250193,United States App Store,United States
Momo_Diaw_221,Senegal App Store,Senegal
Peymanh_,Web,United Kingdom
ramses1013,France App Store,France
shhyz550,Pakistan Android App,Pakistan
ballalzai6105,India Android App,India
skynet2skynet1,United States App Store,United States
cocomel66681190,India App Store,India
ARSALANmamir,Iran Android App,Germany
rajeshVeng50272,India Android App,India
homid912992,Tajikistan Android App,Tajikistan
QuidWillis,Egypt App Store,Egypt
perera8u,Australia App Store,United Arab Emirates
Afzaal634161438,Portugal App Store,Portugal
O_S812305,Turkey Android App,Turkey
HamzaAl83323357,Europe Android App,Europe
_Staged_Reality,United States App Store,United States
NashR92237273,Japan App Store,Japan
Amjadabs,Pakistan App Store,Pakistan
zulfiderbyshire,South Asia Android App,South Asia
vlad_terz1sk1,Europe App Store,Europe
GerardusGerri,Indonesia App Store,Indonesia
karegamutahi00,Kenya Android App,Kenya
prime7899,Pakistan Android App,Pakistan
RayaneSoulaiman,France App Store,France
The_Nullifidian,India Android App,India
AlHussein77930,Iraq Android App,Iraq
ALBeeB2,Canada Android App,Canada
AhamedIimb,Web,India
Mansorkabir,United States App Store,Germany
bahramm53,Iran Android App,Bulgaria
Shahali000,India Android App,India
Danni_IR98,Germany App Store,Germany
SagharMahd4441,Canada App Store,Canada
KhosroRuzbeh,Germany Android App,Germany
irfan4242332,Turkey Android App,Turkey
f1b3r_m0nk3y,United States Android App,United States
falmata45a,France App Store,France
CumalaHarass,Australia App Store,Australia
rabzodemoreh,Norway Android App,Norway
Liaghat290420,Finland Android App,Finland
GokuM14336,Web,Pakistan
MarjanRajani,North America App Store,North America
eip43434343,Turkey App Store,Bulgaria
OfficialIKMKB,Web,South Asia
hennawi_mohamad,Lebanon App Store,Lebanon
HarlowLombard,United States App Store,United States
MasculineT44539,Europe App Store,Europe
Itz_abare,Nigeria Android App,Nigeria
pnwwnp92867,United States App Store,Canada
anasazim20,South Asia Android App,South Asia
DeKazem19415,Web,Canada
BYLI04706671,China App Store,Hong Kong
ReyazunNajafi,Iraq Android App,Iraq
Jattiscrazy,Canada Android App,Canada
Schabi2025,Germany Android App,Germany
sar_3006,Iran Android App,Poland
I_Jamal93,United Kingdom Android App,United Kingdom
OsmanBa84100137,United States Android App,United States
missyouISAA,United States App Store,United States
DrTimeLead,Canada Android App,Canada
FuerteLibreX,Switzerland App Store,Switzerland
jastin609728016,Iran Android App,Iran
OmarOliver44163,United States Android App,United States
SakotraScenario,United Kingdom Android App,Morocco
Baharahmadi1405,Web,Iran
Sadozay2022,Europe App Store,Europe
mamalijavad,Iran Android App,Netherlands
Amzox75,France App Store,France
JudgeDoom88,United States App Store,United States
hfj810375,South Asia Android App,South Asia
cristhiamj80990,Colombia Android App,Colombia
BlydenKelv38272,Web,France
MutaziliteHero,Web,Indonesia
sidd_naushad,India Android App,India
Alvaro_fpv,Southeast Asia App Store,Southeast Asia
LaskarMumt14531,India App Store,India
BaranDaem,United States App Store,Germany
sharifu20139,Rwanda Android App,Rwanda
DawnAdo6h,United States App Store,United States
dnjkfjfjsj13181,Web,United States
insomniaInkwave,Italy App Store,Italy
OZERPR,Turkey Android App,Turkey
mhsn_skry24119,North America App Store,West Asia
HPelczar62184,Web,Ireland
AhmetHa19410908,Web,United Kingdom
rehanmaqsood34,Italy App Store,Italy
Ingaypingay,Web,Norway
Muhamme20045864,Turkey Android App,United Kingdom
Lil_Herpe0,United States App Store,United States
GrandPa86328664,Web,Canada
KedarKalam32947,India Android App,India
qaidinumbers804,Pakistan Android App,Pakistan
mazprop2,India Android App,India
sadpersia,Canada App Store,Canada
lolololol547004,Web,Sweden
Carly1344923,Spain Android App,Spain
infiniteforev16,Taiwan Android App,Sweden
MhsnRb,Iran Android App,Germany
GaringNico91555,Web,France
_bonyadi_,Russian Federation Android App,Netherlands
TheRedFlag13784,Web,Canada
Sevil_Aftabi,Iran Android App,Poland
Mehrdad__Persia,Russian Federation Android App,Germany
Blossom2369,Nigeria App Store,Nigeria
Omid189208,Iran Android App,Iran
Kateonline54657,Web,United States
ph4ntom1225411,Australia Android App,Australia
KAMBACKq,Austria Android App,Austria
313_sire,Russian Federation Android App,Finland
ZeiglerNao29076,Malaysia Android App,United Kingdom
XX__maney,Kenya Android App,Kenya
NadimShukr,Afghanistan Android App,Bulgaria
zaidiaa_85,Pakistan Android App,Pakistan
HadiDboukgw,Turkey App Store,Singapore
seidmht31972,Chad Android App,Chad
MAHu45594,Afghanistan Android App,Afghanistan
SayyidTabatabai,Web,United Kingdom
Natamamir,United States App Store,Iran
H489150,India Android App,India
JenniferJo59009,Web,Ireland
Mikailyalvarma1,Web,United Kingdom
here345693,Web,Ireland
savage_lisa68,Web,United States
mayabaszad82563,Iran Android App,Iran
sehassan31,South Asia Android App,South Asia
karen_phil86866,Web,Germany
M3k4NiK_,Web,West Asia
kelbofe,United States App Store,United States
maggie_schwrz65,Web,Switzerland
alijafari026,Iran Android App,Netherlands
mohammadRa26074,Europe Android App,Europe
logicalshani09,Pakistan Android App,Pakistan
oeildumondyr,Senegal App Store,Senegal
20Isael4,South America Android App,South America
HosseinNas50727,Germany App Store,Germany
qadimaffridi,Malaysia App Store,Malaysia
elpatron2223,Nigeria Android App,Nigeria
ManzadehHatami,Sierra Leone Android App,Sierra Leone
DrouinGing27558,Malaysia Android App,Ireland
Polf138200,Iran Android App,Iran
fierro_luz66756,Nepal Android App,Germany
hussain_im34360,India Android App,India
javaidmalik921,India Android App,India
AamirAlam1993,India Android App,India
SajadOkhovat,United States App Store,Iran
PatriciaTh80835,Web,Ireland
daringduckk1,North America App Store,North America
larak1985,Australia App Store,Australia
AminZarei___ir,United States App Store,Germany
AntiMunh,Web,United States
JHouse95597,Malaysia Android App,Germany
LmTfqh36588,Iraq Android App,Iraq
Moz90287,United States Android App,United States
Geopol762,Pakistan Android App,Pakistan
MasonAkane24385,South Africa Android App,Germany
GreenLisa45075,Viet Nam Android App,Ireland
DickersonA48252,Nepal Android App,Sweden
mdmd73089806,United Kingdom Android App,United Kingdom
MissC94000,Pakistan Android App,Pakistan
BinanceNad55999,Turkey Android App,Turkey
unitedafricains,Web,Ireland
abab15348,West Asia Android App,West Asia
hasan_news10,India Android App,India
dwai6384,United States App Store,United States
MostafaIrani198,Web,Saudi Arabia
JaneneOlog17118,Malaysia Android App,Germany
DHart8270,Viet Nam Android App,Sweden
FierroChar99277,Peru Android App,United Kingdom
XXXBACKUPX,United States App Store,United States
DanielsSta50871,Brazil Android App,Brazil
persanium,Web,Germany
mohamad9719fa,Iran Android App,United Kingdom
MaricelSin26423,Argentina Android App,France
TahiraFowad,Pakistan Android App,Pakistan
JulieLaven43697,Ukraine Android App,Ireland
LoriD25200,Brazil Android App,Brazil
AbwNjm27421,Yemen Android App,Yemen
CKizziar33931,Côte d'Ivoire Android App,Ireland
Parvaznama_news,Web,Iran
ShannonN50998,Morocco Android App,Ireland
AshfaqAsh101,Pakistan Android App,Pakistan
CarolSylva1889,Thailand Android App,Ireland
CherylRome16655,Brazil Android App,Brazil
DonnaThoma18188,Web,Germany
PeaceJanet71488,Bangladesh Android App,Bangladesh
paula_brig1508,Philippines Android App,Sweden
MisguidedICBM,India App Store,India
walker_rut76078,Web,Germany
rezawfx,Iran Android App,Romania
IngridDieh93079,Colombia Android App,Ireland
zerohedge,United States App Store,United States
s_m_marandi,Iran Android App,Iran
ShamaJunejo,United Kingdom App Store,United Kingdom
SaraMirGilgity,Europe App Store,Europe
IrnaEnglish,United States App Store,Iran
AHLULBAYT_TV,Web,Iraq
IraninSA,Iran Android App,South Africa
ALI_HASHIM_313A,West Asia App Store,West Asia
smahmoodrazavi,United States App Store,Iran
RunnerXBT,Web,Europe
HRA80,United States App Store,Iran
apocalypseos,North America Android App,North America
sidraakuser,Pakistan App Store,Pakistan
s_k_sh,Iran Android App,Iran
TheNavroopSingh,India App Store,India
drpezeshkian2,Iran Android App,Poland
HajAhmad128,West Asia Android App,West Asia
IraninJapan,Swaziland App Store,Japan
sarnchos,Nigeria Android App,Nigeria
karaokecomputer,United States App Store,United States
BPSPro,Web,United States
Admfdlwzer,Yemen Android App,Yemen
chronicalihere,Canada Android App,Canada
17jordani,Spain Android App,Spain
Ameen_media,United States App Store,United States
kochar_ir,United States App Store,Iran
KLovesNature,Web,Canada
DmodosCutter,United Kingdom App Store,United Kingdom
alCamel77,Europe App Store,Europe
zainaconda,Pakistan Android App,Pakistan
SomalisVoices,Europe Android App,Europe
TheMarketDog,Netherlands Android App,Netherlands
Ya_Fatemeh_113,Iran Android App,Iran
OPVoters,Australia Android App,Australia
Narjes_Rahmati,United States App Store,United States
yilmaz_mesut,Turkey Android App,Turkey
MerciKhodaya,Iran Android App,Iran
moetkacik,United States Android App,United States
decolonize_this,United States App Store,United States
mhcz128,United States App Store,Iran
NimaTavRood,Sweden App Store,Sweden
7sardar7,Iran Android App,Iran
saif_SH45,North America App Store,West Asia
JairoAHenadg,Colombia Android App,Colombia
PaulSorrentino3,Web,United States
tajudine2013gm2,Nigeria Android App,Nigeria
GrantSmithEllis,United States Android App,United States
snackvampire,United States App Store,United States
aqolizadeh,China App Store,United States
theLemniscat,Web,South Africa
Iftykhan15,United Kingdom App Store,United Kingdom
LarryBoorstein,United States Android App,United States
IRANinSWEDEN,Sweden App Store,Sweden
Arsha45914097,West Asia App Store,West Asia
jamesob,Web,United States
Rabiul_Islam11,India Android App,India
LoudL,Web,France
salmanrood,Iran Android App,Iran
rosendo_joe,Canada App Store,Canada
hoora_Eghbalian,Iran Android App,Iran
pyrmontvillage,Australia App Store,Hong Kong
Khushboosayys,India Android App,India
asmartbrunette1,Web,United States
Lukyluke311,Europe App Store,Europe
FGhoddoussi,United States Android App,United States
midoo0,Web,United Kingdom
Abbas_Safari1,Iran Android App,Iran
giulianol,Italy Android App,Italy
rrghadi01,Iran Android App,Iran
Enter1984Art,Denmark Android App,Denmark
Ostureh313,Iran Android App,Iran
Horaciorivashen,Spain App Store,Spain
DM55283,Eastern Europe (Non-EU) Android App,Europe
nilofarabaszade,West Asia Android App,West Asia
SamTorabi72,Iran Android App,Iran
syed2000,Web,United States
GilaniTufail,India Android App,India
revayateman,West Asia Android App,West Asia
paradise2012,Indonesia Android App,Indonesia
marita_stappung,Chile Android App,Chile
Fatima_solymani,Iran Android App,Iran
RealNickMugalli,United States App Store,United States
ahadian_ir,United States App Store,Iran
baqirululoom,Pakistan Android App,Pakistan
alihadi68,United Kingdom App Store,United Kingdom
amirakbariorg,Iran Android App,Iran
MO21_ALI,Iran Android App,Iran
msolymani13,Canada Android App,Canada
Abo423Hager,United States App Store,Iraq
hasan_m128,West Asia Android App,West Asia
MashkurKabuli,Germany Android App,Germany
Yahyasharaf10,Yemen Android App,Yemen
rociocangla,Mexico Android App,Mexico
GhamariVafa,Iran Android App,Iran
BillowIsmail,Kenya Android App,Kenya
cie1947,Web,Canada
yucelbarakaz,Web,Canada
Beingkhanumar,India Android App,India
Tinkeringhalo2,United States App Store,United States
DuroBelinda,Spain Android App,Spain
AllyReza14,United Kingdom App Store,United Kingdom
pilaraymara,Spain Android App,Spain
BenjiSeitlhamo,South Africa App Store,South Africa
afrilivesmatter,United Kingdom App Store,United Kingdom
noora_257,West Asia Android App,West Asia
agha_bakeri,North America App Store,Europe
iranembassy_nz,,
thrsts_,Europe App Store,Europe
saeedha85,North America App Store,West Asia
aghaye_chaei,North America App Store,West Asia
Filomen03258997,Portugal Android App,Portugal
ahmadkhaniiii,Iran Android App,Germany
Ash_Prashar,United States App Store,United Kingdom
IBuzgan,Turkey App Store,Turkey
IRANinFINLAND,,
HwgYjyLACO5XW9S,Yemen Android App,Yemen
Simon_A_Wood,Australia App Store,United States
MartynNamorong,Papua New Guinea Android App,Papua New Guinea
Noodoggy,Croatia Android App,Croatia
sadeghnikoo,Iran Android App,Iran
MadMax62309410,India Android App,India
IsmailEctasie,Uganda Android App,Uganda
fouad_jm2,Belgium Android App,Belgium
JobeerB,Web,Yemen
javadaghaei2002,West Asia Android App,West Asia
KingTherapy,Web,United States
PromoterBoxing,United States App Store,United States
aldo_chavez,Mexico App Store,Mexico
Hawkeye1745,Europe App Store,Europe
DiveBomb321,United States Android App,United States
m_rezaei1988,United States App Store,Iran
EzatollahAkbari,Europe App Store,Europe
s_p_hossini,Iran Android App,Iran
nailatrahman,United States Android App,United States
zarinnam,West Asia Android App,West Asia
joaogerardobr,Brazil Android App,Brazil
ASK7799,Web,Pakistan
AliHuss14369664,India Android App,India
FancyandTheCity,Mexico Android App,Mexico
Iran_NewsRoom,United States App Store,Iran
HamzaCh27,Pakistan Android App,Pakistan
kudasith,Australia App Store,Australia
abo_amer111,Yemen Android App,Yemen
nkamlo06,Europe App Store,Africa
angelacorrias,Web,Italy
IRANinNorway,Norway App Store,Norway
Sbu_Fo,South Africa Android App,South Africa
UndercoverMoth9,United States App Store,United States
preueth,United States App Store,Japan
rofasanten,Nigeria App Store,Nigeria
gvenugopalan,India Android App,India
MidhatZ,Pakistan Android App,Pakistan
ukatcher,Nigeria App Store,Nigeria
KamandMs6562,West Asia Android App,West Asia
Savitri4Ever,India Android App,India
Alawi_Jahaf,Yemen Android App,Yemen
ArshadbalochPTI,Pakistan App Store,Pakistan
Ali2musa,Africa Android App,Africa
seyd_mahdi1386n,Iran Android App,Iran
Final__battle,Web,Iran
h_gandomkar,West Asia Android App,West Asia
XaviPortales,Spain App Store,Spain
Armvguedon,Côte d'Ivoire App Store,Côte d'Ivoire
Aboammar20204,Yemen Android App,Yemen
gianluca826,Italy Android App,Italy
rnamdari,Canada App Store,Canada
IraninLahore,Web,Pakistan
syed2404,Pakistan Android App,Pakistan
mortazavi,United States App Store,United States
AmirChizari,United States App Store,Germany
SEKoohzad,France App Store,France
yanvonzeebroeck,Web,Belgium
JoeyGomezSantos,Web,United States
Lycurgus65,Turkey Android App,Turkey
ELKAMEL_,Egypt Android App,Egypt
krause53391,United States App Store,United States
illi4141,United Kingdom Android App,United Kingdom
no_2_isis,United Kingdom Android App,United Kingdom
SUHTSO,Netherlands Android App,Netherlands
Manbidj,North America Android App,North America
alirezabab62238,Iran Android App,Iran
NaAzRoomam,Web,United Kingdom
Ghk2000l,Iran Android App,United States
Brent1174872,North America App Store,North America
Cristin70548823,Spain Android App,Spain
parivash_m_p,Iran Android App,France
laura_ande36131,Web,Sweden